/bin/sh: 1: ./cronjob_check.sh: not found
/bin/sh: 1: ./cronjob_check.sh: not found
HEAD is now at 7811d2a testing the whole pipeline changes
-----Building Docker image for commit 7811d2a...-----
#0 building with "default" instance using docker driver

#1 [internal] load build definition from Dockerfile
#1 transferring dockerfile: 343B done
#1 WARN: FromAsCasing: 'as' and 'FROM' keywords' casing do not match (line 1)
#1 DONE 0.0s

#2 [internal] load metadata for docker.io/library/node:20-alpine
#2 ...

#3 [internal] load metadata for docker.io/library/nginx:alpine
#3 DONE 2.9s

#2 [internal] load metadata for docker.io/library/node:20-alpine
#2 DONE 5.8s

#4 [internal] load .dockerignore
#4 transferring context: 2B done
#4 DONE 0.0s

#5 [builder 1/6] FROM docker.io/library/node:20-alpine@sha256:d3507a213936fe4ef54760a186e113db5188472d9efdf491686bd94580a1c1e8
#5 DONE 0.0s

#6 [stage-1 1/2] FROM docker.io/library/nginx:alpine@sha256:65645c7bb6a0661892a8b03b89d0743208a18dd2f3f17a54ef4b76fb8e2f2a10
#6 DONE 0.0s

#7 [internal] load build context
#7 transferring context: 29.59kB done
#7 DONE 0.0s

#8 [builder 2/6] WORKDIR /app
#8 CACHED

#9 [builder 3/6] COPY package*.json ./
#9 CACHED

#10 [builder 4/6] RUN npm install
#10 CACHED

#11 [builder 5/6] COPY . .
#11 DONE 0.0s

#12 [builder 6/6] RUN npm run build
#12 0.225 
#12 0.225 > devops-portfolio@0.1.0 build
#12 0.225 > vite build
#12 0.225 
#12 0.415 vite v5.4.8 building for production...
#12 0.459 transforming...
#12 0.659 Browserslist: caniuse-lite is outdated. Please run:
#12 0.659   npx update-browserslist-db@latest
#12 0.659   Why you should do it regularly: https://github.com/browserslist/update-db#readme
#12 2.435 ✓ 1534 modules transformed.
#12 2.549 rendering chunks...
#12 2.554 computing gzip size...
#12 2.561 dist/index.html                   0.75 kB │ gzip:  0.41 kB
#12 2.561 dist/assets/index-DzHu06i2.css   19.38 kB │ gzip:  4.10 kB
#12 2.561 dist/assets/index-Re-Vdx7T.js   240.16 kB │ gzip: 77.24 kB
#12 2.561 ✓ built in 2.13s
#12 DONE 2.6s

#6 [stage-1 1/2] FROM docker.io/library/nginx:alpine@sha256:65645c7bb6a0661892a8b03b89d0743208a18dd2f3f17a54ef4b76fb8e2f2a10
#6 CACHED

#13 [stage-1 2/2] COPY --from=builder /app/dist /usr/share/nginx/html
#13 DONE 0.0s

#14 exporting to image
#14 exporting layers done
#14 writing image sha256:0733ac84cffbfa15717734f1481c1c20de821224bcc6c58bc6705dfafe1cf487 done
#14 naming to docker.io/library/portfolio:7811d2a done
#14 naming to docker.io/library/portfolio:latest done
#14 DONE 0.0s

 [33m1 warning found (use docker --debug to expand):
[0m - FromAsCasing: 'as' and 'FROM' keywords' casing do not match (line 1)
-----Image portfolio:7811d2a built successfully.-----
-----Stoping and removing any existing container running on port 7000-----
329c8df0f7b9
329c8df0f7b9
d7b4ae0bea2317474cd4e2c458b7ce11765e971c65fcda9dc22dade6a7e34012
-----Running new container with image portfolio:latest on port 7000-----
Untagged: portfolio:bf60626
-----Deployment complete. Running container on port 7000 with image portfolio:7811d2a-----
HEAD is now at 4bd4305 Create README.md
-----Building Docker image for commit 4bd4305...-----
#0 building with "default" instance using docker driver

#1 [internal] load build definition from Dockerfile
#1 transferring dockerfile: 343B done
#1 WARN: FromAsCasing: 'as' and 'FROM' keywords' casing do not match (line 1)
#1 DONE 0.0s

#2 [internal] load metadata for docker.io/library/nginx:alpine
#2 DONE 2.2s

#3 [internal] load metadata for docker.io/library/node:20-alpine
#3 DONE 2.2s

#4 [internal] load .dockerignore
#4 transferring context: 2B done
#4 DONE 0.0s

#5 [builder 1/6] FROM docker.io/library/node:20-alpine@sha256:d3507a213936fe4ef54760a186e113db5188472d9efdf491686bd94580a1c1e8
#5 DONE 0.0s

#6 [stage-1 1/2] FROM docker.io/library/nginx:alpine@sha256:65645c7bb6a0661892a8b03b89d0743208a18dd2f3f17a54ef4b76fb8e2f2a10
#6 DONE 0.0s

#7 [internal] load build context
#7 transferring context: 22.03kB done
#7 DONE 0.0s

#8 [builder 3/6] COPY package*.json ./
#8 CACHED

#9 [builder 2/6] WORKDIR /app
#9 CACHED

#10 [builder 4/6] RUN npm install
#10 CACHED

#11 [builder 5/6] COPY . .
#11 DONE 0.0s

#12 [builder 6/6] RUN npm run build
#12 0.240 
#12 0.240 > devops-portfolio@0.1.0 build
#12 0.240 > vite build
#12 0.240 
#12 0.434 vite v5.4.8 building for production...
#12 0.479 transforming...
#12 0.680 Browserslist: caniuse-lite is outdated. Please run:
#12 0.680   npx update-browserslist-db@latest
#12 0.680   Why you should do it regularly: https://github.com/browserslist/update-db#readme
#12 2.446 ✓ 1534 modules transformed.
#12 2.561 rendering chunks...
#12 2.567 computing gzip size...
#12 2.574 dist/index.html                   0.75 kB │ gzip:  0.41 kB
#12 2.574 dist/assets/index-DzHu06i2.css   19.38 kB │ gzip:  4.10 kB
#12 2.574 dist/assets/index-Re-Vdx7T.js   240.16 kB │ gzip: 77.24 kB
#12 2.574 ✓ built in 2.12s
#12 DONE 2.6s

#13 [stage-1 2/2] COPY --from=builder /app/dist /usr/share/nginx/html
#13 CACHED

#14 exporting to image
#14 exporting layers done
#14 writing image sha256:0733ac84cffbfa15717734f1481c1c20de821224bcc6c58bc6705dfafe1cf487 done
#14 naming to docker.io/library/portfolio:4bd4305 done
#14 naming to docker.io/library/portfolio:latest done
#14 DONE 0.0s

 [33m1 warning found (use docker --debug to expand):
[0m - FromAsCasing: 'as' and 'FROM' keywords' casing do not match (line 1)
-----Image portfolio:4bd4305 built successfully.-----
-----Stoping and removing any existing container running on port 7000-----
d7b4ae0bea23
d7b4ae0bea23
1038dcc5ca21786c5148c04ade46863033330ec2df5598fd72592024925ca1b6
-----Running new container with image portfolio:latest on port 7000-----
Untagged: portfolio:c3e8614
-----Deployment complete. Running container on port 7000 with image portfolio:4bd4305-----
HEAD is now at 91c4d7b fix: the colour gradient of personal upciming projects and added internal tooling behind the scenes I button
-----Building Docker image for commit 91c4d7b...-----
#0 building with "default" instance using docker driver

#1 [internal] load build definition from Dockerfile
#1 transferring dockerfile: 343B done
#1 WARN: FromAsCasing: 'as' and 'FROM' keywords' casing do not match (line 1)
#1 DONE 0.0s

#2 [internal] load metadata for docker.io/library/node:20-alpine
#2 DONE 2.1s

#3 [internal] load metadata for docker.io/library/nginx:alpine
#3 DONE 2.1s

#4 [internal] load .dockerignore
#4 transferring context: 2B done
#4 DONE 0.0s

#5 [builder 1/6] FROM docker.io/library/node:20-alpine@sha256:d3507a213936fe4ef54760a186e113db5188472d9efdf491686bd94580a1c1e8
#5 DONE 0.0s

#6 [stage-1 1/2] FROM docker.io/library/nginx:alpine@sha256:65645c7bb6a0661892a8b03b89d0743208a18dd2f3f17a54ef4b76fb8e2f2a10
#6 DONE 0.0s

#7 [internal] load build context
#7 transferring context: 44.58kB done
#7 DONE 0.0s

#8 [builder 2/6] WORKDIR /app
#8 CACHED

#9 [builder 3/6] COPY package*.json ./
#9 CACHED

#10 [builder 4/6] RUN npm install
#10 CACHED

#11 [builder 5/6] COPY . .
#11 DONE 0.0s

#12 [builder 6/6] RUN npm run build
#12 0.254 
#12 0.254 > devops-portfolio@0.1.0 build
#12 0.254 > vite build
#12 0.254 
#12 0.436 vite v5.4.8 building for production...
#12 0.482 transforming...
#12 0.684 Browserslist: caniuse-lite is outdated. Please run:
#12 0.684   npx update-browserslist-db@latest
#12 0.684   Why you should do it regularly: https://github.com/browserslist/update-db#readme
#12 2.472 ✓ 1534 modules transformed.
#12 2.587 rendering chunks...
#12 2.592 computing gzip size...
#12 2.599 dist/index.html                   0.75 kB │ gzip:  0.41 kB
#12 2.599 dist/assets/index-C8e5gV3g.css   25.51 kB │ gzip:  4.81 kB
#12 2.599 dist/assets/index-1vOOyqAS.js   242.81 kB │ gzip: 78.01 kB
#12 2.600 ✓ built in 2.14s
#12 DONE 2.6s

#6 [stage-1 1/2] FROM docker.io/library/nginx:alpine@sha256:65645c7bb6a0661892a8b03b89d0743208a18dd2f3f17a54ef4b76fb8e2f2a10
#6 CACHED

#13 [stage-1 2/2] COPY --from=builder /app/dist /usr/share/nginx/html
#13 DONE 0.0s

#14 exporting to image
#14 exporting layers done
#14 writing image sha256:ca50dc283fff4c8243d346aa6df7a377bb3f8506c4c89e463b541eea4faffbef done
#14 naming to docker.io/library/portfolio:91c4d7b done
#14 naming to docker.io/library/portfolio:latest done
#14 DONE 0.0s

 [33m1 warning found (use docker --debug to expand):
[0m - FromAsCasing: 'as' and 'FROM' keywords' casing do not match (line 1)
-----Image portfolio:91c4d7b built successfully.-----
-----Stoping and removing any existing container running on port 7000-----
1038dcc5ca21
1038dcc5ca21
849f83fc51cc8b36555d9c29d1dbf2e5303330b4a3553da9317266adcd587134
-----Running new container with image portfolio:latest on port 7000-----
Error response from daemon: conflict: unable to remove repository reference "portfolio:c9f62a9" (must force) - container 84f736cfc13f is using its referenced image ff86bf1d31e6
-----Deployment complete. Running container on port 7000 with image portfolio:91c4d7b-----
HEAD is now at c67ab9d new look for the projects page
-----Building Docker image for commit c67ab9d...-----
#0 building with "default" instance using docker driver

#1 [internal] load build definition from Dockerfile
#1 DONE 0.0s

#1 [internal] load build definition from Dockerfile
#1 transferring dockerfile: 343B done
#1 WARN: FromAsCasing: 'as' and 'FROM' keywords' casing do not match (line 1)
#1 DONE 0.0s

#2 [internal] load metadata for docker.io/library/node:20-alpine
#2 ...

#3 [internal] load metadata for docker.io/library/nginx:alpine
#3 DONE 2.2s

#2 [internal] load metadata for docker.io/library/node:20-alpine
#2 DONE 2.3s

#4 [internal] load .dockerignore
#4 transferring context: 2B done
#4 DONE 0.0s

#5 [builder 1/6] FROM docker.io/library/node:20-alpine@sha256:d3507a213936fe4ef54760a186e113db5188472d9efdf491686bd94580a1c1e8
#5 DONE 0.0s

#6 [stage-1 1/2] FROM docker.io/library/nginx:alpine@sha256:65645c7bb6a0661892a8b03b89d0743208a18dd2f3f17a54ef4b76fb8e2f2a10
#6 DONE 0.0s

#7 [internal] load build context
#7 transferring context: 56.73kB done
#7 DONE 0.0s

#8 [builder 2/6] WORKDIR /app
#8 CACHED

#9 [builder 3/6] COPY package*.json ./
#9 CACHED

#10 [builder 4/6] RUN npm install
#10 CACHED

#11 [builder 5/6] COPY . .
#11 DONE 0.1s

#12 [builder 6/6] RUN npm run build
#12 0.230 
#12 0.230 > devops-portfolio@0.1.0 build
#12 0.230 > vite build
#12 0.230 
#12 0.414 vite v5.4.8 building for production...
#12 0.635 transforming...
#12 0.659 Browserslist: caniuse-lite is outdated. Please run:
#12 0.659   npx update-browserslist-db@latest
#12 0.659   Why you should do it regularly: https://github.com/browserslist/update-db#readme
#12 2.511 ✓ 1534 modules transformed.
#12 2.630 rendering chunks...
#12 2.636 computing gzip size...
#12 2.643 dist/index.html                   0.75 kB │ gzip:  0.41 kB
#12 2.643 dist/assets/index-B1GsoaGz.css   38.44 kB │ gzip:  6.09 kB
#12 2.643 dist/assets/index-DzPgAbeZ.js   250.51 kB │ gzip: 79.73 kB
#12 2.644 ✓ built in 2.21s
#12 DONE 2.7s

#6 [stage-1 1/2] FROM docker.io/library/nginx:alpine@sha256:65645c7bb6a0661892a8b03b89d0743208a18dd2f3f17a54ef4b76fb8e2f2a10
#6 CACHED

#13 [stage-1 2/2] COPY --from=builder /app/dist /usr/share/nginx/html
#13 DONE 0.0s

#14 exporting to image
#14 exporting layers done
#14 writing image sha256:f767a2307b9eca703d8159974fc694b257b2454913781ab1af59473f3342cf7d done
#14 naming to docker.io/library/portfolio:c67ab9d done
#14 naming to docker.io/library/portfolio:latest done
#14 DONE 0.0s

 [33m1 warning found (use docker --debug to expand):
[0m - FromAsCasing: 'as' and 'FROM' keywords' casing do not match (line 1)
-----Image portfolio:c67ab9d built successfully.-----
-----Stoping and removing any existing container running on port 7000-----
849f83fc51cc
849f83fc51cc
986c3814ba8a0b9c269163594bcdc2c0a9a6e87bb1436e0c8828fd4c30bfbcbb
-----Running new container with image portfolio:latest on port 7000-----
Untagged: portfolio:746a5a8
Deleted: sha256:194d943f64aaa7d742791682190942923975553e0574d5b54a7e0232206a0a56
Error response from daemon: conflict: unable to remove repository reference "portfolio:c9f62a9" (must force) - container ef0fc8fe4466 is using its referenced image ff86bf1d31e6
-----Deployment complete. Running container on port 7000 with image portfolio:c67ab9d-----
HEAD is now at 04c7e01 used
-----Building Docker image for commit 04c7e01...-----
#0 building with "default" instance using docker driver

#1 [internal] load build definition from Dockerfile
#1 transferring dockerfile: 343B done
#1 WARN: FromAsCasing: 'as' and 'FROM' keywords' casing do not match (line 1)
#1 DONE 0.0s

#2 [internal] load metadata for docker.io/library/node:20-alpine
#2 DONE 1.8s

#3 [internal] load metadata for docker.io/library/nginx:alpine
#3 DONE 1.9s

#4 [internal] load .dockerignore
#4 transferring context: 2B done
#4 DONE 0.0s

#5 [builder 1/6] FROM docker.io/library/node:20-alpine@sha256:d3507a213936fe4ef54760a186e113db5188472d9efdf491686bd94580a1c1e8
#5 DONE 0.0s

#6 [stage-1 1/2] FROM docker.io/library/nginx:alpine@sha256:65645c7bb6a0661892a8b03b89d0743208a18dd2f3f17a54ef4b76fb8e2f2a10
#6 DONE 0.0s

#7 [internal] load build context
#7 transferring context: 90.45kB done
#7 DONE 0.0s

#8 [builder 3/6] COPY package*.json ./
#8 CACHED

#9 [builder 2/6] WORKDIR /app
#9 CACHED

#10 [builder 4/6] RUN npm install
#10 CACHED

#11 [builder 5/6] COPY . .
#11 DONE 0.0s

#12 [builder 6/6] RUN npm run build
#12 0.232 
#12 0.232 > devops-portfolio@0.1.0 build
#12 0.232 > vite build
#12 0.232 
#12 0.434 vite v5.4.8 building for production...
#12 0.479 transforming...
#12 0.680 Browserslist: caniuse-lite is outdated. Please run:
#12 0.680   npx update-browserslist-db@latest
#12 0.680   Why you should do it regularly: https://github.com/browserslist/update-db#readme
#12 2.531 ✓ 1534 modules transformed.
#12 2.653 rendering chunks...
#12 2.658 computing gzip size...
#12 2.666 dist/index.html                   0.75 kB │ gzip:  0.41 kB
#12 2.666 dist/assets/index-Csc0H19K.css   49.12 kB │ gzip:  7.45 kB
#12 2.666 dist/assets/index-BWHOSUz4.js   262.66 kB │ gzip: 81.27 kB
#12 2.666 ✓ built in 2.21s
#12 DONE 2.7s

#6 [stage-1 1/2] FROM docker.io/library/nginx:alpine@sha256:65645c7bb6a0661892a8b03b89d0743208a18dd2f3f17a54ef4b76fb8e2f2a10
#6 CACHED

#13 [stage-1 2/2] COPY --from=builder /app/dist /usr/share/nginx/html
#13 DONE 0.0s

#14 exporting to image
#14 exporting layers 0.0s done
#14 writing image sha256:87c8ceeada7134d8260f4def9223d789e43ba5dd8b712f05067d188bbd9b79c7 done
#14 naming to docker.io/library/portfolio:04c7e01 done
#14 naming to docker.io/library/portfolio:latest done
#14 DONE 0.0s

 [33m1 warning found (use docker --debug to expand):
[0m - FromAsCasing: 'as' and 'FROM' keywords' casing do not match (line 1)
-----Image portfolio:04c7e01 built successfully.-----
-----Stoping and removing any existing container running on port 7000-----
986c3814ba8a
986c3814ba8a
ff544e67a78629c55f44549b9299505d0d6e1225356f7fb383aa6ba83f3f4067
-----Running new container with image portfolio:latest on port 7000-----
Untagged: portfolio:4bd4305
Error response from daemon: conflict: unable to remove repository reference "portfolio:c9f62a9" (must force) - container 986aaa415725 is using its referenced image ff86bf1d31e6
-----Deployment complete. Running container on port 7000 with image portfolio:04c7e01-----
HEAD is now at 63c92cf changed the ui, Monochrome to slightly more gradient look using ai.
-----Building Docker image for commit 63c92cf...-----
#0 building with "default" instance using docker driver

#1 [internal] load build definition from Dockerfile
#1 transferring dockerfile: 343B done
#1 WARN: FromAsCasing: 'as' and 'FROM' keywords' casing do not match (line 1)
#1 DONE 0.0s

#2 [internal] load metadata for docker.io/library/node:20-alpine
#2 ...

#3 [internal] load metadata for docker.io/library/nginx:alpine
#3 DONE 2.1s

#2 [internal] load metadata for docker.io/library/node:20-alpine
#2 DONE 2.1s

#4 [internal] load .dockerignore
#4 transferring context: 2B done
#4 DONE 0.0s

#5 [stage-1 1/2] FROM docker.io/library/nginx:alpine@sha256:65645c7bb6a0661892a8b03b89d0743208a18dd2f3f17a54ef4b76fb8e2f2a10
#5 DONE 0.0s

#6 [builder 1/6] FROM docker.io/library/node:20-alpine@sha256:d3507a213936fe4ef54760a186e113db5188472d9efdf491686bd94580a1c1e8
#6 DONE 0.0s

#7 [internal] load build context
#7 transferring context: 108.58kB done
#7 DONE 0.0s

#8 [builder 2/6] WORKDIR /app
#8 CACHED

#9 [builder 3/6] COPY package*.json ./
#9 CACHED

#10 [builder 4/6] RUN npm install
#10 CACHED

#11 [builder 5/6] COPY . .
#11 DONE 0.0s

#12 [builder 6/6] RUN npm run build
#12 0.245 
#12 0.245 > devops-portfolio@0.1.0 build
#12 0.245 > vite build
#12 0.245 
#12 0.432 vite v5.4.8 building for production...
#12 0.477 transforming...
#12 0.675 Browserslist: caniuse-lite is outdated. Please run:
#12 0.675   npx update-browserslist-db@latest
#12 0.675   Why you should do it regularly: https://github.com/browserslist/update-db#readme
#12 2.562 ✓ 1533 modules transformed.
#12 2.680 rendering chunks...
#12 2.686 computing gzip size...
#12 2.693 dist/index.html                   0.75 kB │ gzip:  0.41 kB
#12 2.693 dist/assets/index-DoFauD67.css   52.90 kB │ gzip:  7.83 kB
#12 2.693 dist/assets/index-Cry-sb7g.js   261.52 kB │ gzip: 81.22 kB
#12 2.694 ✓ built in 2.24s
#12 DONE 2.7s

#5 [stage-1 1/2] FROM docker.io/library/nginx:alpine@sha256:65645c7bb6a0661892a8b03b89d0743208a18dd2f3f17a54ef4b76fb8e2f2a10
#5 CACHED

#13 [stage-1 2/2] COPY --from=builder /app/dist /usr/share/nginx/html
#13 DONE 0.0s

#14 exporting to image
#14 exporting layers done
#14 writing image sha256:6f7be7005c744fedacda6d23f9e552b81de2992b27cf1b30be4a424fe9884564 done
#14 naming to docker.io/library/portfolio:63c92cf done
#14 naming to docker.io/library/portfolio:latest done
#14 DONE 0.0s

 [33m1 warning found (use docker --debug to expand):
[0m - FromAsCasing: 'as' and 'FROM' keywords' casing do not match (line 1)
-----Image portfolio:63c92cf built successfully.-----
-----Stoping and removing any existing container running on port 7000-----
ff544e67a786
ff544e67a786
929e2f11382e38b1c8841d4cb0eae84a2cb256538ea8dc4f5011e974c08715ba
-----Running new container with image portfolio:latest on port 7000-----
Untagged: portfolio:7811d2a
Deleted: sha256:0733ac84cffbfa15717734f1481c1c20de821224bcc6c58bc6705dfafe1cf487
Error response from daemon: conflict: unable to remove repository reference "portfolio:c9f62a9" (must force) - container 986aaa415725 is using its referenced image ff86bf1d31e6
-----Deployment complete. Running container on port 7000 with image portfolio:63c92cf-----
HEAD is now at 25b2f91 remove get in touch and resume button, will configure later
-----Building Docker image for commit 25b2f91...-----
#0 building with "default" instance using docker driver

#1 [internal] load build definition from Dockerfile
#1 transferring dockerfile: 343B done
#1 WARN: FromAsCasing: 'as' and 'FROM' keywords' casing do not match (line 1)
#1 DONE 0.0s

#2 [internal] load metadata for docker.io/library/node:20-alpine
#2 ...

#3 [internal] load metadata for docker.io/library/nginx:alpine
#3 DONE 1.7s

#2 [internal] load metadata for docker.io/library/node:20-alpine
#2 DONE 1.8s

#4 [internal] load .dockerignore
#4 transferring context: 2B done
#4 DONE 0.0s

#5 [builder 1/6] FROM docker.io/library/node:20-alpine@sha256:d3507a213936fe4ef54760a186e113db5188472d9efdf491686bd94580a1c1e8
#5 DONE 0.0s

#6 [stage-1 1/2] FROM docker.io/library/nginx:alpine@sha256:65645c7bb6a0661892a8b03b89d0743208a18dd2f3f17a54ef4b76fb8e2f2a10
#6 DONE 0.0s

#7 [internal] load build context
#7 transferring context: 70.41kB done
#7 DONE 0.0s

#8 [builder 2/6] WORKDIR /app
#8 CACHED

#9 [builder 3/6] COPY package*.json ./
#9 CACHED

#10 [builder 4/6] RUN npm install
#10 CACHED

#11 [builder 5/6] COPY . .
#11 DONE 0.0s

#12 [builder 6/6] RUN npm run build
#12 0.250 
#12 0.250 > devops-portfolio@0.1.0 build
#12 0.250 > vite build
#12 0.250 
#12 0.451 vite v5.4.8 building for production...
#12 0.496 transforming...
#12 0.698 Browserslist: caniuse-lite is outdated. Please run:
#12 0.698   npx update-browserslist-db@latest
#12 0.698   Why you should do it regularly: https://github.com/browserslist/update-db#readme
#12 2.562 ✓ 1533 modules transformed.
#12 2.683 rendering chunks...
#12 2.688 computing gzip size...
#12 2.696 dist/index.html                   0.75 kB │ gzip:  0.41 kB
#12 2.696 dist/assets/index-DoFauD67.css   52.90 kB │ gzip:  7.83 kB
#12 2.696 dist/assets/index-By3oF_6p.js   259.86 kB │ gzip: 80.94 kB
#12 2.696 ✓ built in 2.23s
#12 DONE 2.7s

#6 [stage-1 1/2] FROM docker.io/library/nginx:alpine@sha256:65645c7bb6a0661892a8b03b89d0743208a18dd2f3f17a54ef4b76fb8e2f2a10
#6 CACHED

#13 [stage-1 2/2] COPY --from=builder /app/dist /usr/share/nginx/html
#13 DONE 0.0s

#14 exporting to image
#14 exporting layers done
#14 writing image sha256:0f4920e6a8ec71f66c3a0d47c716f946c9eb6baa00459d350611ad8960c14443 done
#14 naming to docker.io/library/portfolio:25b2f91 done
#14 naming to docker.io/library/portfolio:latest done
#14 DONE 0.0s

 [33m1 warning found (use docker --debug to expand):
[0m - FromAsCasing: 'as' and 'FROM' keywords' casing do not match (line 1)
-----Image portfolio:25b2f91 built successfully.-----
-----Stoping and removing any existing container running on port 7000-----
929e2f11382e
929e2f11382e
fe46a3af42a738ec80e2a684012f69df5a33e15e21aae3883b17f5b0bc6e0297
-----Running new container with image portfolio:latest on port 7000-----
Untagged: portfolio:91c4d7b
Deleted: sha256:ca50dc283fff4c8243d346aa6df7a377bb3f8506c4c89e463b541eea4faffbef
Error response from daemon: conflict: unable to remove repository reference "portfolio:c9f62a9" (must force) - container 986aaa415725 is using its referenced image ff86bf1d31e6
-----Deployment complete. Running container on port 7000 with image portfolio:25b2f91-----
HEAD is now at e12b3a3 updated .gitignore
-----Building Docker image for commit e12b3a3...-----
#0 building with "default" instance using docker driver

#1 [internal] load build definition from Dockerfile
#1 transferring dockerfile: 343B done
#1 WARN: FromAsCasing: 'as' and 'FROM' keywords' casing do not match (line 1)
#1 DONE 0.0s

#2 [internal] load metadata for docker.io/library/node:20-alpine
#2 ...

#3 [internal] load metadata for docker.io/library/nginx:alpine
#3 DONE 2.0s

#2 [internal] load metadata for docker.io/library/node:20-alpine
#2 DONE 2.1s

#4 [internal] load .dockerignore
#4 transferring context: 2B done
#4 DONE 0.0s

#5 [builder 1/6] FROM docker.io/library/node:20-alpine@sha256:d3507a213936fe4ef54760a186e113db5188472d9efdf491686bd94580a1c1e8
#5 DONE 0.0s

#6 [stage-1 1/2] FROM docker.io/library/nginx:alpine@sha256:65645c7bb6a0661892a8b03b89d0743208a18dd2f3f17a54ef4b76fb8e2f2a10
#6 DONE 0.0s

#7 [internal] load build context
#7 transferring context: 60.58kB done
#7 DONE 0.0s

#8 [builder 2/6] WORKDIR /app
#8 CACHED

#9 [builder 3/6] COPY package*.json ./
#9 CACHED

#10 [builder 4/6] RUN npm install
#10 CACHED

#11 [builder 5/6] COPY . .
#11 DONE 0.1s

#12 [builder 6/6] RUN npm run build
#12 0.235 
#12 0.235 > devops-portfolio@0.1.0 build
#12 0.235 > vite build
#12 0.235 
#12 0.434 vite v5.4.8 building for production...
#12 0.479 transforming...
#12 0.692 Browserslist: caniuse-lite is outdated. Please run:
#12 0.692   npx update-browserslist-db@latest
#12 0.692   Why you should do it regularly: https://github.com/browserslist/update-db#readme
#12 2.577 ✓ 1533 modules transformed.
#12 2.693 rendering chunks...
#12 2.699 computing gzip size...
#12 2.706 dist/index.html                   0.75 kB │ gzip:  0.41 kB
#12 2.706 dist/assets/index-DoFauD67.css   52.90 kB │ gzip:  7.83 kB
#12 2.706 dist/assets/index-Bo8fhA5J.js   260.17 kB │ gzip: 81.01 kB
#12 2.706 ✓ built in 2.25s
#12 DONE 2.7s

#6 [stage-1 1/2] FROM docker.io/library/nginx:alpine@sha256:65645c7bb6a0661892a8b03b89d0743208a18dd2f3f17a54ef4b76fb8e2f2a10
#6 CACHED

#13 [stage-1 2/2] COPY --from=builder /app/dist /usr/share/nginx/html
#13 DONE 0.0s

#14 exporting to image
#14 exporting layers done
#14 writing image sha256:aea8e2d91903261d674dd695043c3f13bae05bbd9badc913ca539d4ea3347cef done
#14 naming to docker.io/library/portfolio:e12b3a3 done
#14 naming to docker.io/library/portfolio:latest done
#14 DONE 0.0s

 [33m1 warning found (use docker --debug to expand):
[0m - FromAsCasing: 'as' and 'FROM' keywords' casing do not match (line 1)
-----Image portfolio:e12b3a3 built successfully.-----
-----Stoping and removing any existing container running on port 7000-----
fe46a3af42a7
fe46a3af42a7
b059ff99d1be3e02f456d1f8dd420055dce53caf74bf744251c239f9891a5674
-----Running new container with image portfolio:latest on port 7000-----
Untagged: portfolio:c67ab9d
Deleted: sha256:f767a2307b9eca703d8159974fc694b257b2454913781ab1af59473f3342cf7d
Error response from daemon: conflict: unable to remove repository reference "portfolio:c9f62a9" (must force) - container 986aaa415725 is using its referenced image ff86bf1d31e6
-----Deployment complete. Running container on port 7000 with image portfolio:e12b3a3-----
HEAD is now at 1ece9ae added few more tools i have worked upon
-----Building Docker image for commit 1ece9ae...-----
#0 building with "default" instance using docker driver

#1 [internal] load build definition from Dockerfile
#1 transferring dockerfile: 343B done
#1 WARN: FromAsCasing: 'as' and 'FROM' keywords' casing do not match (line 1)
#1 DONE 0.0s

#2 [internal] load metadata for docker.io/library/nginx:alpine
#2 ...

#3 [internal] load metadata for docker.io/library/node:20-alpine
#3 DONE 2.1s

#2 [internal] load metadata for docker.io/library/nginx:alpine
#2 DONE 2.3s

#4 [internal] load .dockerignore
#4 transferring context: 2B done
#4 DONE 0.0s

#5 [builder 1/6] FROM docker.io/library/node:20-alpine@sha256:d3507a213936fe4ef54760a186e113db5188472d9efdf491686bd94580a1c1e8
#5 DONE 0.0s

#6 [stage-1 1/2] FROM docker.io/library/nginx:alpine@sha256:65645c7bb6a0661892a8b03b89d0743208a18dd2f3f17a54ef4b76fb8e2f2a10
#6 DONE 0.0s

#7 [internal] load build context
#7 transferring context: 63.69kB done
#7 DONE 0.0s

#8 [builder 2/6] WORKDIR /app
#8 CACHED

#9 [builder 3/6] COPY package*.json ./
#9 CACHED

#10 [builder 4/6] RUN npm install
#10 CACHED

#11 [builder 5/6] COPY . .
#11 DONE 0.0s

#12 [builder 6/6] RUN npm run build
#12 0.245 
#12 0.245 > devops-portfolio@0.1.0 build
#12 0.245 > vite build
#12 0.245 
#12 0.442 vite v5.4.8 building for production...
#12 0.488 transforming...
#12 0.686 Browserslist: caniuse-lite is outdated. Please run:
#12 0.686   npx update-browserslist-db@latest
#12 0.686   Why you should do it regularly: https://github.com/browserslist/update-db#readme
#12 2.566 ✓ 1533 modules transformed.
#12 2.688 rendering chunks...
#12 2.694 computing gzip size...
#12 2.701 dist/index.html                   0.75 kB │ gzip:  0.41 kB
#12 2.701 dist/assets/index-DoFauD67.css   52.90 kB │ gzip:  7.83 kB
#12 2.701 dist/assets/index-D1Wb11ak.js   262.15 kB │ gzip: 81.57 kB
#12 2.701 ✓ built in 2.24s
#12 DONE 2.7s

#6 [stage-1 1/2] FROM docker.io/library/nginx:alpine@sha256:65645c7bb6a0661892a8b03b89d0743208a18dd2f3f17a54ef4b76fb8e2f2a10
#6 CACHED

#13 [stage-1 2/2] COPY --from=builder /app/dist /usr/share/nginx/html
#13 DONE 0.0s

#14 exporting to image
#14 exporting layers done
#14 writing image sha256:a7cc9988260554571a4a877a38d215ccef56e7847f877b994b41a2e28c0ad5cb done
#14 naming to docker.io/library/portfolio:1ece9ae done
#14 naming to docker.io/library/portfolio:latest done
#14 DONE 0.0s

 [33m1 warning found (use docker --debug to expand):
[0m - FromAsCasing: 'as' and 'FROM' keywords' casing do not match (line 1)
-----Image portfolio:1ece9ae built successfully.-----
-----Stoping and removing any existing container running on port 7000-----
b059ff99d1be
b059ff99d1be
92a3f64eb1d22ade13ee89c9d0404a0cc77fe62dcc25c9950922fa5ea4048a22
-----Running new container with image portfolio:latest on port 7000-----
Untagged: portfolio:04c7e01
Deleted: sha256:87c8ceeada7134d8260f4def9223d789e43ba5dd8b712f05067d188bbd9b79c7
Error response from daemon: conflict: unable to remove repository reference "portfolio:c9f62a9" (must force) - container ef0fc8fe4466 is using its referenced image ff86bf1d31e6
-----Deployment complete. Running container on port 7000 with image portfolio:1ece9ae-----
HEAD is now at 6df9328 fix: home.tsx "projects" button working
-----Building Docker image for commit 6df9328...-----
#0 building with "default" instance using docker driver

#1 [internal] load build definition from Dockerfile
#1 transferring dockerfile: 343B done
#1 WARN: FromAsCasing: 'as' and 'FROM' keywords' casing do not match (line 1)
#1 DONE 0.0s

#2 [internal] load metadata for docker.io/library/nginx:alpine
#2 DONE 1.9s

#3 [internal] load metadata for docker.io/library/node:20-alpine
#3 DONE 2.0s

#4 [internal] load .dockerignore
#4 transferring context: 2B done
#4 DONE 0.0s

#5 [builder 1/6] FROM docker.io/library/node:20-alpine@sha256:d3507a213936fe4ef54760a186e113db5188472d9efdf491686bd94580a1c1e8
#5 DONE 0.0s

#6 [stage-1 1/2] FROM docker.io/library/nginx:alpine@sha256:65645c7bb6a0661892a8b03b89d0743208a18dd2f3f17a54ef4b76fb8e2f2a10
#6 DONE 0.0s

#7 [internal] load build context
#7 transferring context: 271.85kB done
#7 DONE 0.0s

#8 [builder 2/6] WORKDIR /app
#8 CACHED

#9 [builder 3/6] COPY package*.json ./
#9 DONE 0.0s

#10 [builder 4/6] RUN npm install
#10 24.72 
#10 24.72 added 296 packages, and audited 297 packages in 25s
#10 24.72 
#10 24.72 72 packages are looking for funding
#10 24.72   run `npm fund` for details
#10 24.84 
#10 24.84 10 low severity vulnerabilities
#10 24.84 
#10 24.84 To address issues that do not require attention, run:
#10 24.84   npm audit fix
#10 24.84 
#10 24.84 To address all issues (including breaking changes), run:
#10 24.84   npm audit fix --force
#10 24.84 
#10 24.84 Run `npm audit` for details.
#10 24.84 npm notice
#10 24.84 npm notice New major version of npm available! 10.8.2 -> 11.4.1
#10 24.84 npm notice Changelog: https://github.com/npm/cli/releases/tag/v11.4.1
#10 24.84 npm notice To update run: npm install -g npm@11.4.1
#10 24.84 npm notice
#10 DONE 24.9s

#11 [builder 5/6] COPY . .
#11 DONE 0.0s

#12 [builder 6/6] RUN npm run build
#12 0.329 
#12 0.329 > devops-portfolio@0.1.0 build
#12 0.329 > vite build
#12 0.329 
#12 0.520 vite v6.3.5 building for production...
#12 0.750 transforming...
#12 0.811 Browserslist: caniuse-lite is outdated. Please run:
#12 0.811   npx update-browserslist-db@latest
#12 0.811   Why you should do it regularly: https://github.com/browserslist/update-db#readme
#12 2.691 ✓ 1530 modules transformed.
#12 2.812 rendering chunks...
#12 2.818 computing gzip size...
#12 2.826 dist/index.html                   0.75 kB │ gzip:  0.41 kB
#12 2.826 dist/assets/index-SOe7SorE.css   52.90 kB │ gzip:  7.83 kB
#12 2.826 dist/assets/index-CFrrbzMg.js   263.85 kB │ gzip: 82.46 kB
#12 2.826 ✓ built in 2.29s
#12 DONE 2.9s

#6 [stage-1 1/2] FROM docker.io/library/nginx:alpine@sha256:65645c7bb6a0661892a8b03b89d0743208a18dd2f3f17a54ef4b76fb8e2f2a10
#6 CACHED

#13 [stage-1 2/2] COPY --from=builder /app/dist /usr/share/nginx/html
#13 DONE 0.0s

#14 exporting to image
#14 exporting layers done
#14 writing image sha256:4ef800663bfe34cf4b8f76f017975d042a57b266bbc1d4ce8cb536c1a97dccc0 done
#14 naming to docker.io/library/portfolio:6df9328 done
#14 naming to docker.io/library/portfolio:latest done
#14 DONE 0.0s

 [33m1 warning found (use docker --debug to expand):
[0m - FromAsCasing: 'as' and 'FROM' keywords' casing do not match (line 1)
-----Image portfolio:6df9328 built successfully.-----
-----Stoping and removing any existing container running on port 7000-----
92a3f64eb1d2
92a3f64eb1d2
2d2e5d06f02be0ca672e615f7a48a51730ea436b80c925de3905c5b5b724f51f
-----Running new container with image portfolio:latest on port 7000-----
Untagged: portfolio:63c92cf
Deleted: sha256:6f7be7005c744fedacda6d23f9e552b81de2992b27cf1b30be4a424fe9884564
Error response from daemon: conflict: unable to remove repository reference "portfolio:c9f62a9" (must force) - container 986aaa415725 is using its referenced image ff86bf1d31e6
-----Deployment complete. Running container on port 7000 with image portfolio:6df9328-----
HEAD is now at 31065e4 removed
-----Building Docker image for commit 31065e4...-----
#0 building with "default" instance using docker driver

#1 [internal] load build definition from Dockerfile
#1 DONE 0.0s

#1 [internal] load build definition from Dockerfile
#1 transferring dockerfile: 343B done
#1 WARN: FromAsCasing: 'as' and 'FROM' keywords' casing do not match (line 1)
#1 DONE 0.0s

#2 [internal] load metadata for docker.io/library/node:20-alpine
#2 DONE 1.0s

#3 [internal] load metadata for docker.io/library/nginx:alpine
#3 DONE 1.0s

#4 [internal] load .dockerignore
#4 transferring context: 2B done
#4 DONE 0.0s

#5 [builder 1/6] FROM docker.io/library/node:20-alpine@sha256:d3507a213936fe4ef54760a186e113db5188472d9efdf491686bd94580a1c1e8
#5 DONE 0.0s

#6 [stage-1 1/2] FROM docker.io/library/nginx:alpine@sha256:65645c7bb6a0661892a8b03b89d0743208a18dd2f3f17a54ef4b76fb8e2f2a10
#6 DONE 0.0s

#7 [internal] load build context
#7 transferring context: 61.51kB done
#7 DONE 0.0s

#8 [builder 2/6] WORKDIR /app
#8 CACHED

#9 [builder 3/6] COPY package*.json ./
#9 DONE 0.0s

#10 [builder 4/6] RUN npm install
#10 0.441 npm error code ENOENT
#10 0.441 npm error syscall open
#10 0.441 npm error path /app/package.json
#10 0.441 npm error errno -2
#10 0.441 npm error enoent Could not read package.json: Error: ENOENT: no such file or directory, open '/app/package.json'
#10 0.441 npm error enoent This is related to npm not being able to find a file.
#10 0.441 npm error enoent
#10 0.442 npm error A complete log of this run can be found in: /root/.npm/_logs/2025-06-11T02_44_04_820Z-debug-0.log
#10 ERROR: process "/bin/sh -c npm install" did not complete successfully: exit code: 254
------
 > [builder 4/6] RUN npm install:
0.441 npm error code ENOENT
0.441 npm error syscall open
0.441 npm error path /app/package.json
0.441 npm error errno -2
0.441 npm error enoent Could not read package.json: Error: ENOENT: no such file or directory, open '/app/package.json'
0.441 npm error enoent This is related to npm not being able to find a file.
0.441 npm error enoent
0.442 npm error A complete log of this run can be found in: /root/.npm/_logs/2025-06-11T02_44_04_820Z-debug-0.log
------

 [33m1 warning found (use docker --debug to expand):
[0m - FromAsCasing: 'as' and 'FROM' keywords' casing do not match (line 1)
Dockerfile:4
--------------------
   2 |     WORKDIR /app
   3 |     COPY package*.json ./
   4 | >>> RUN npm install
   5 |     
   6 |     COPY . .
--------------------
ERROR: failed to solve: process "/bin/sh -c npm install" did not complete successfully: exit code: 254
HEAD is now at e82f54c fix: added package jsons in .gitignore
-----Building Docker image for commit e82f54c...-----
#0 building with "default" instance using docker driver

#1 [internal] load build definition from Dockerfile
#1 DONE 0.0s

#1 [internal] load build definition from Dockerfile
#1 transferring dockerfile: 343B done
#1 WARN: FromAsCasing: 'as' and 'FROM' keywords' casing do not match (line 1)
#1 DONE 0.0s

#2 [internal] load metadata for docker.io/library/node:20-alpine
#2 DONE 2.0s

#3 [internal] load metadata for docker.io/library/nginx:alpine
#3 DONE 2.0s

#4 [internal] load .dockerignore
#4 transferring context: 2B done
#4 DONE 0.0s

#5 [builder 1/6] FROM docker.io/library/node:20-alpine@sha256:d3507a213936fe4ef54760a186e113db5188472d9efdf491686bd94580a1c1e8
#5 DONE 0.0s

#6 [stage-1 1/2] FROM docker.io/library/nginx:alpine@sha256:65645c7bb6a0661892a8b03b89d0743208a18dd2f3f17a54ef4b76fb8e2f2a10
#6 DONE 0.0s

#7 [internal] load build context
#7 transferring context: 294.83kB done
#7 DONE 0.0s

#8 [builder 2/6] WORKDIR /app
#8 CACHED

#9 [builder 3/6] COPY package*.json ./
#9 CACHED

#10 [builder 4/6] RUN npm install
#10 CACHED

#11 [builder 5/6] COPY . .
#11 DONE 0.1s

#12 [builder 6/6] RUN npm run build
#12 0.234 
#12 0.234 > devops-portfolio@0.1.0 build
#12 0.234 > vite build
#12 0.234 
#12 0.437 vite v5.4.8 building for production...
#12 0.656 transforming...
#12 0.691 Browserslist: caniuse-lite is outdated. Please run:
#12 0.691   npx update-browserslist-db@latest
#12 0.691   Why you should do it regularly: https://github.com/browserslist/update-db#readme
#12 2.574 ✓ 1533 modules transformed.
#12 2.692 rendering chunks...
#12 2.697 computing gzip size...
#12 2.705 dist/index.html                   0.75 kB │ gzip:  0.41 kB
#12 2.705 dist/assets/index-DoFauD67.css   52.90 kB │ gzip:  7.83 kB
#12 2.705 dist/assets/index-BMM0dOQi.js   262.20 kB │ gzip: 81.57 kB
#12 2.705 ✓ built in 2.25s
#12 DONE 2.7s

#6 [stage-1 1/2] FROM docker.io/library/nginx:alpine@sha256:65645c7bb6a0661892a8b03b89d0743208a18dd2f3f17a54ef4b76fb8e2f2a10
#6 CACHED

#13 [stage-1 2/2] COPY --from=builder /app/dist /usr/share/nginx/html
#13 DONE 0.0s

#14 exporting to image
#14 exporting layers done
#14 writing image sha256:40fefae543c85126960073b297759c6c36856f4a3b4dc9a7b788da22cec8b546 done
#14 naming to docker.io/library/portfolio:e82f54c done
#14 naming to docker.io/library/portfolio:latest done
#14 DONE 0.0s

 [33m1 warning found (use docker --debug to expand):
[0m - FromAsCasing: 'as' and 'FROM' keywords' casing do not match (line 1)
-----Image portfolio:e82f54c built successfully.-----
-----Stoping and removing any existing container running on port 7000-----
2d2e5d06f02b
2d2e5d06f02b
e6f37a674ee20745a00910d42706996d70adeca64a3f2947f9d27a5554036cc6
-----Running new container with image portfolio:latest on port 7000-----
Untagged: portfolio:25b2f91
Deleted: sha256:0f4920e6a8ec71f66c3a0d47c716f946c9eb6baa00459d350611ad8960c14443
Error response from daemon: conflict: unable to remove repository reference "portfolio:c9f62a9" (must force) - container 986aaa415725 is using its referenced image ff86bf1d31e6
-----Deployment complete. Running container on port 7000 with image portfolio:e82f54c-----
HEAD is now at f9bd659 projects change
-----Building Docker image for commit f9bd659...-----
#0 building with "default" instance using docker driver

#1 [internal] load build definition from Dockerfile
#1 transferring dockerfile: 343B done
#1 WARN: FromAsCasing: 'as' and 'FROM' keywords' casing do not match (line 1)
#1 DONE 0.0s

#2 [internal] load metadata for docker.io/library/node:20-alpine
#2 DONE 2.3s

#3 [internal] load metadata for docker.io/library/nginx:alpine
#3 DONE 2.3s

#4 [internal] load .dockerignore
#4 transferring context: 2B done
#4 DONE 0.0s

#5 [builder 1/6] FROM docker.io/library/node:20-alpine@sha256:d3507a213936fe4ef54760a186e113db5188472d9efdf491686bd94580a1c1e8
#5 DONE 0.0s

#6 [stage-1 1/2] FROM docker.io/library/nginx:alpine@sha256:65645c7bb6a0661892a8b03b89d0743208a18dd2f3f17a54ef4b76fb8e2f2a10
#6 DONE 0.0s

#7 [internal] load build context
#7 transferring context: 283.58kB done
#7 DONE 0.0s

#8 [builder 2/6] WORKDIR /app
#8 CACHED

#9 [builder 3/6] COPY package*.json ./
#9 DONE 0.0s

#10 [builder 4/6] RUN npm install
#10 24.98 
#10 24.98 added 290 packages, and audited 291 packages in 25s
#10 24.98 
#10 24.98 75 packages are looking for funding
#10 24.98   run `npm fund` for details
#10 25.11 
#10 25.11 13 vulnerabilities (11 low, 2 moderate)
#10 25.11 
#10 25.11 To address issues that do not require attention, run:
#10 25.11   npm audit fix
#10 25.11 
#10 25.11 To address all issues (including breaking changes), run:
#10 25.11   npm audit fix --force
#10 25.11 
#10 25.11 Run `npm audit` for details.
#10 25.11 npm notice
#10 25.11 npm notice New major version of npm available! 10.8.2 -> 11.4.1
#10 25.11 npm notice Changelog: https://github.com/npm/cli/releases/tag/v11.4.1
#10 25.11 npm notice To update run: npm install -g npm@11.4.1
#10 25.11 npm notice
#10 DONE 25.2s

#11 [builder 5/6] COPY . .
#11 DONE 0.0s

#12 [builder 6/6] RUN npm run build
#12 0.304 
#12 0.304 > devops-portfolio@0.1.0 build
#12 0.304 > vite build
#12 0.304 
#12 0.484 vite v5.4.19 building for production...
#12 0.707 transforming...
#12 2.624 ✓ 1533 modules transformed.
#12 2.749 rendering chunks...
#12 2.754 computing gzip size...
#12 2.762 dist/index.html                   0.75 kB │ gzip:  0.41 kB
#12 2.762 dist/assets/index-pfW2fhKB.css   52.85 kB │ gzip:  7.83 kB
#12 2.762 dist/assets/index-5ssuHEz_.js   261.44 kB │ gzip: 81.78 kB
#12 2.762 ✓ built in 2.26s
#12 DONE 2.8s

#6 [stage-1 1/2] FROM docker.io/library/nginx:alpine@sha256:65645c7bb6a0661892a8b03b89d0743208a18dd2f3f17a54ef4b76fb8e2f2a10
#6 CACHED

#13 [stage-1 2/2] COPY --from=builder /app/dist /usr/share/nginx/html
#13 DONE 0.1s

#14 exporting to image
#14 exporting layers done
#14 writing image sha256:e1d2c660776f19c404d9dbe87515542c18fb3050058644019da60dc61c2eb06a done
#14 naming to docker.io/library/portfolio:f9bd659 done
#14 naming to docker.io/library/portfolio:latest done
#14 DONE 0.0s

 [33m1 warning found (use docker --debug to expand):
[0m - FromAsCasing: 'as' and 'FROM' keywords' casing do not match (line 1)
-----Image portfolio:f9bd659 built successfully.-----
-----Stoping and removing any existing container running on port 7000-----
e6f37a674ee2
e6f37a674ee2
1f1398c2e075ebe5e7f08e6ae55f206989ee723de8c4689bb5de2a530ac5fc69
-----Running new container with image portfolio:latest on port 7000-----
Untagged: portfolio:e12b3a3
Deleted: sha256:aea8e2d91903261d674dd695043c3f13bae05bbd9badc913ca539d4ea3347cef
Error response from daemon: conflict: unable to remove repository reference "portfolio:c9f62a9" (must force) - container ef0fc8fe4466 is using its referenced image ff86bf1d31e6
-----Deployment complete. Running container on port 7000 with image portfolio:f9bd659-----
HEAD is now at 2146e57 fix: about page secription, change on dark-white themes
-----Building Docker image for commit 2146e57...-----
#0 building with "default" instance using docker driver

#1 [internal] load build definition from Dockerfile
#1 transferring dockerfile: 343B done
#1 WARN: FromAsCasing: 'as' and 'FROM' keywords' casing do not match (line 1)
#1 DONE 0.0s

#2 [internal] load metadata for docker.io/library/node:20-alpine
#2 ...

#3 [internal] load metadata for docker.io/library/nginx:alpine
#3 DONE 2.0s

#2 [internal] load metadata for docker.io/library/node:20-alpine
#2 DONE 2.1s

#4 [internal] load .dockerignore
#4 transferring context: 2B done
#4 DONE 0.0s

#5 [builder 1/6] FROM docker.io/library/node:20-alpine@sha256:d3507a213936fe4ef54760a186e113db5188472d9efdf491686bd94580a1c1e8
#5 DONE 0.0s

#6 [stage-1 1/2] FROM docker.io/library/nginx:alpine@sha256:65645c7bb6a0661892a8b03b89d0743208a18dd2f3f17a54ef4b76fb8e2f2a10
#6 DONE 0.0s

#7 [internal] load build context
#7 transferring context: 101.07kB done
#7 DONE 0.0s

#8 [builder 2/6] WORKDIR /app
#8 CACHED

#9 [builder 3/6] COPY package*.json ./
#9 CACHED

#10 [builder 4/6] RUN npm install
#10 CACHED

#11 [builder 5/6] COPY . .
#11 DONE 0.0s

#12 [builder 6/6] RUN npm run build
#12 0.248 
#12 0.248 > devops-portfolio@0.1.0 build
#12 0.248 > vite build
#12 0.248 
#12 0.448 vite v5.4.19 building for production...
#12 0.673 transforming...
#12 2.616 ✓ 1533 modules transformed.
#12 2.741 rendering chunks...
#12 2.747 computing gzip size...
#12 2.754 dist/index.html                   0.75 kB │ gzip:  0.41 kB
#12 2.754 dist/assets/index-DUZP3b9m.css   52.85 kB │ gzip:  7.83 kB
#12 2.754 dist/assets/index-HkLPswWr.js   261.46 kB │ gzip: 81.79 kB
#12 2.755 ✓ built in 2.28s
#12 DONE 2.8s

#6 [stage-1 1/2] FROM docker.io/library/nginx:alpine@sha256:65645c7bb6a0661892a8b03b89d0743208a18dd2f3f17a54ef4b76fb8e2f2a10
#6 CACHED

#13 [stage-1 2/2] COPY --from=builder /app/dist /usr/share/nginx/html
#13 DONE 0.0s

#14 exporting to image
#14 exporting layers 0.0s done
#14 writing image sha256:44c0fea08425dbb066b842f6404765a69cd3c892c01b8aec6a2d5062ac54d494 done
#14 naming to docker.io/library/portfolio:2146e57 done
#14 naming to docker.io/library/portfolio:latest done
#14 DONE 0.0s

 [33m1 warning found (use docker --debug to expand):
[0m - FromAsCasing: 'as' and 'FROM' keywords' casing do not match (line 1)
-----Image portfolio:2146e57 built successfully.-----
-----Stoping and removing any existing container running on port 7000-----
1f1398c2e075
1f1398c2e075
48df5d5d1f5f2394f9a932698874e73affab6a742b8ff81a60c2effebbcf7ff9
-----Running new container with image portfolio:latest on port 7000-----
Untagged: portfolio:1ece9ae
Deleted: sha256:a7cc9988260554571a4a877a38d215ccef56e7847f877b994b41a2e28c0ad5cb
Error response from daemon: conflict: unable to remove repository reference "portfolio:c9f62a9" (must force) - container 84f736cfc13f is using its referenced image ff86bf1d31e6
-----Deployment complete. Running container on port 7000 with image portfolio:2146e57-----
HEAD is now at 679b558 Update README.md
-----Building Docker image for commit 679b558...-----
#0 building with "default" instance using docker driver

#1 [internal] load build definition from Dockerfile
#1 transferring dockerfile: 343B done
#1 WARN: FromAsCasing: 'as' and 'FROM' keywords' casing do not match (line 1)
#1 DONE 0.0s

#2 [internal] load metadata for docker.io/library/node:20-alpine
#2 DONE 2.1s

#3 [internal] load metadata for docker.io/library/nginx:alpine
#3 DONE 2.1s

#4 [internal] load .dockerignore
#4 transferring context: 2B done
#4 DONE 0.0s

#5 [builder 1/6] FROM docker.io/library/node:20-alpine@sha256:d3507a213936fe4ef54760a186e113db5188472d9efdf491686bd94580a1c1e8
#5 DONE 0.0s

#6 [stage-1 1/2] FROM docker.io/library/nginx:alpine@sha256:65645c7bb6a0661892a8b03b89d0743208a18dd2f3f17a54ef4b76fb8e2f2a10
#6 DONE 0.0s

#7 [internal] load build context
#7 transferring context: 85.32kB done
#7 DONE 0.0s

#8 [builder 2/6] WORKDIR /app
#8 CACHED

#9 [builder 3/6] COPY package*.json ./
#9 CACHED

#10 [builder 4/6] RUN npm install
#10 CACHED

#11 [builder 5/6] COPY . .
#11 DONE 0.0s

#12 [builder 6/6] RUN npm run build
#12 0.243 
#12 0.243 > devops-portfolio@0.1.0 build
#12 0.243 > vite build
#12 0.243 
#12 0.445 vite v5.4.19 building for production...
#12 0.491 transforming...
#12 2.605 ✓ 1533 modules transformed.
#12 2.731 rendering chunks...
#12 2.737 computing gzip size...
#12 2.744 dist/index.html                   0.75 kB │ gzip:  0.41 kB
#12 2.744 dist/assets/index-DUZP3b9m.css   52.85 kB │ gzip:  7.83 kB
#12 2.744 dist/assets/index-HkLPswWr.js   261.46 kB │ gzip: 81.79 kB
#12 2.745 ✓ built in 2.28s
#12 DONE 2.8s

#13 [stage-1 2/2] COPY --from=builder /app/dist /usr/share/nginx/html
#13 CACHED

#14 exporting to image
#14 exporting layers done
#14 writing image sha256:44c0fea08425dbb066b842f6404765a69cd3c892c01b8aec6a2d5062ac54d494 done
#14 naming to docker.io/library/portfolio:679b558 done
#14 naming to docker.io/library/portfolio:latest done
#14 DONE 0.0s

 [33m1 warning found (use docker --debug to expand):
[0m - FromAsCasing: 'as' and 'FROM' keywords' casing do not match (line 1)
-----Image portfolio:679b558 built successfully.-----
-----Stoping and removing any existing container running on port 7000-----
48df5d5d1f5f
48df5d5d1f5f
ec9aafb619ccd2c166b5e77a77337c873fb1e7ab7cb5900d9a65afadb58ef6a2
-----Running new container with image portfolio:latest on port 7000-----
Untagged: portfolio:6df9328
Deleted: sha256:4ef800663bfe34cf4b8f76f017975d042a57b266bbc1d4ce8cb536c1a97dccc0
Error response from daemon: conflict: unable to remove repository reference "portfolio:c9f62a9" (must force) - container 986aaa415725 is using its referenced image ff86bf1d31e6
-----Deployment complete. Running container on port 7000 with image portfolio:679b558-----
HEAD is now at 12201fc Merge branch 'main' of https://github.com/yashaswi29/Portfolio
-----Building Docker image for commit 12201fc...-----
#0 building with "default" instance using docker driver

#1 [internal] load build definition from Dockerfile
#1 transferring dockerfile: 343B done
#1 WARN: FromAsCasing: 'as' and 'FROM' keywords' casing do not match (line 1)
#1 DONE 0.0s

#2 [internal] load metadata for docker.io/library/node:20-alpine
#2 ...

#3 [internal] load metadata for docker.io/library/nginx:alpine
#3 DONE 2.3s

#2 [internal] load metadata for docker.io/library/node:20-alpine
#2 DONE 2.3s

#4 [internal] load .dockerignore
#4 transferring context: 2B done
#4 DONE 0.0s

#5 [builder 1/6] FROM docker.io/library/node:20-alpine@sha256:d3507a213936fe4ef54760a186e113db5188472d9efdf491686bd94580a1c1e8
#5 DONE 0.0s

#6 [stage-1 1/2] FROM docker.io/library/nginx:alpine@sha256:65645c7bb6a0661892a8b03b89d0743208a18dd2f3f17a54ef4b76fb8e2f2a10
#6 DONE 0.0s

#7 [internal] load build context
#7 transferring context: 109.34kB done
#7 DONE 0.0s

#8 [builder 3/6] COPY package*.json ./
#8 CACHED

#9 [builder 2/6] WORKDIR /app
#9 CACHED

#10 [builder 4/6] RUN npm install
#10 CACHED

#11 [builder 5/6] COPY . .
#11 DONE 0.0s

#12 [builder 6/6] RUN npm run build
#12 0.254 
#12 0.254 > devops-portfolio@0.1.0 build
#12 0.254 > vite build
#12 0.254 
#12 0.457 vite v5.4.19 building for production...
#12 0.678 transforming...
#12 2.592 ✓ 1533 modules transformed.
#12 2.717 rendering chunks...
#12 2.723 computing gzip size...
#12 2.731 dist/index.html                   0.75 kB │ gzip:  0.41 kB
#12 2.731 dist/assets/index-DBUmv_8e.css   51.98 kB │ gzip:  7.65 kB
#12 2.731 dist/assets/index-BXrkNOpG.js   261.15 kB │ gzip: 81.69 kB
#12 2.731 ✓ built in 2.25s
#12 DONE 2.8s

#6 [stage-1 1/2] FROM docker.io/library/nginx:alpine@sha256:65645c7bb6a0661892a8b03b89d0743208a18dd2f3f17a54ef4b76fb8e2f2a10
#6 CACHED

#13 [stage-1 2/2] COPY --from=builder /app/dist /usr/share/nginx/html
#13 DONE 0.0s

#14 exporting to image
#14 exporting layers done
#14 writing image sha256:3526d85b4c6d708e73796a1b7c544fcd4fe23c646ff9c7c930f98e4b188e1085 done
#14 naming to docker.io/library/portfolio:12201fc done
#14 naming to docker.io/library/portfolio:latest done
#14 DONE 0.0s

 [33m1 warning found (use docker --debug to expand):
[0m - FromAsCasing: 'as' and 'FROM' keywords' casing do not match (line 1)
-----Image portfolio:12201fc built successfully.-----
-----Stoping and removing any existing container running on port 7000-----
ec9aafb619cc
ec9aafb619cc
ea5ce4451d7635809ccd45df634a578d3358b2c67df074940abb3bf68422ea15
-----Running new container with image portfolio:latest on port 7000-----
Untagged: portfolio:e82f54c
Deleted: sha256:40fefae543c85126960073b297759c6c36856f4a3b4dc9a7b788da22cec8b546
Error response from daemon: conflict: unable to remove repository reference "portfolio:c9f62a9" (must force) - container 986aaa415725 is using its referenced image ff86bf1d31e6
-----Deployment complete. Running container on port 7000 with image portfolio:12201fc-----
HEAD is now at 12a58bc Update README.md
-----Building Docker image for commit 12a58bc...-----
#0 building with "default" instance using docker driver

#1 [internal] load build definition from Dockerfile
#1 transferring dockerfile: 343B done
#1 WARN: FromAsCasing: 'as' and 'FROM' keywords' casing do not match (line 1)
#1 DONE 0.0s

#2 [internal] load metadata for docker.io/library/nginx:alpine
#2 ...

#3 [internal] load metadata for docker.io/library/node:20-alpine
#3 DONE 1.9s

#2 [internal] load metadata for docker.io/library/nginx:alpine
#2 DONE 2.0s

#4 [internal] load .dockerignore
#4 transferring context: 2B done
#4 DONE 0.0s

#5 [builder 1/6] FROM docker.io/library/node:20-alpine@sha256:d3507a213936fe4ef54760a186e113db5188472d9efdf491686bd94580a1c1e8
#5 DONE 0.0s

#6 [stage-1 1/2] FROM docker.io/library/nginx:alpine@sha256:65645c7bb6a0661892a8b03b89d0743208a18dd2f3f17a54ef4b76fb8e2f2a10
#6 DONE 0.0s

#7 [internal] load build context
#7 transferring context: 90.40kB done
#7 DONE 0.0s

#8 [builder 2/6] WORKDIR /app
#8 CACHED

#9 [builder 3/6] COPY package*.json ./
#9 CACHED

#10 [builder 4/6] RUN npm install
#10 CACHED

#11 [builder 5/6] COPY . .
#11 DONE 0.0s

#12 [builder 6/6] RUN npm run build
#12 0.228 
#12 0.228 > devops-portfolio@0.1.0 build
#12 0.228 > vite build
#12 0.228 
#12 0.423 vite v5.4.19 building for production...
#12 0.469 transforming...
#12 2.550 ✓ 1533 modules transformed.
#12 2.672 rendering chunks...
#12 2.677 computing gzip size...
#12 2.685 dist/index.html                   0.75 kB │ gzip:  0.41 kB
#12 2.685 dist/assets/index-DBUmv_8e.css   51.98 kB │ gzip:  7.65 kB
#12 2.685 dist/assets/index-BXrkNOpG.js   261.15 kB │ gzip: 81.69 kB
#12 2.685 ✓ built in 2.24s
#12 DONE 2.7s

#13 [stage-1 2/2] COPY --from=builder /app/dist /usr/share/nginx/html
#13 CACHED

#14 exporting to image
#14 exporting layers done
#14 writing image sha256:3526d85b4c6d708e73796a1b7c544fcd4fe23c646ff9c7c930f98e4b188e1085 done
#14 naming to docker.io/library/portfolio:12a58bc done
#14 naming to docker.io/library/portfolio:latest done
#14 DONE 0.0s

 [33m1 warning found (use docker --debug to expand):
[0m - FromAsCasing: 'as' and 'FROM' keywords' casing do not match (line 1)
-----Image portfolio:12a58bc built successfully.-----
-----Stoping and removing any existing container running on port 7000-----
ea5ce4451d76
ea5ce4451d76
a0bdf3f19cf6fb4d06f973fdb8934618e1ed825d7a8ca794588f4e180797eeec
-----Running new container with image portfolio:latest on port 7000-----
Untagged: portfolio:f9bd659
Deleted: sha256:e1d2c660776f19c404d9dbe87515542c18fb3050058644019da60dc61c2eb06a
Error response from daemon: conflict: unable to remove repository reference "portfolio:c9f62a9" (must force) - container 986aaa415725 is using its referenced image ff86bf1d31e6
-----Deployment complete. Running container on port 7000 with image portfolio:12a58bc-----
fatal: unable to access 'https://github.com/yashaswi29/Portfolio.git/': Could not resolve host: github.com
fatal: unable to access 'https://github.com/yashaswi29/Portfolio.git/': Could not resolve host: github.com
HEAD is now at 12a58bc Update README.md
-----Building Docker image for commit 12a58bc...-----
-----Image portfolio:12a58bc built successfully.-----
-----Stoping and removing any existing container running on port 7000-----
4bc3548a98da
4bc3548a98da
20eec9f737b89026ab6878e42e97034301d11ae72309601b2540febe76d40c26
-----Running new container with image portfolio:latest on port 7000-----
Error response from daemon: conflict: unable to remove repository reference "portfolio:c9f62a9" (must force) - container 986aaa415725 is using its referenced image ff86bf1d31e6
-----Deployment complete. Running container on port 7000 with image portfolio:12a58bc-----
fatal: unable to access 'https://github.com/yashaswi29/Portfolio.git/': Could not resolve host: github.com
fatal: unable to access 'https://github.com/yashaswi29/Portfolio.git/': Could not resolve host: github.com
fatal: unable to access 'https://github.com/yashaswi29/Portfolio.git/': Could not resolve host: github.com
fatal: unable to access 'https://github.com/yashaswi29/Portfolio.git/': Could not resolve host: github.com
fatal: unable to access 'https://github.com/yashaswi29/Portfolio.git/': Could not resolve host: github.com
fatal: unable to access 'https://github.com/yashaswi29/Portfolio.git/': Could not resolve host: github.com
fatal: unable to access 'https://github.com/yashaswi29/Portfolio.git/': Could not resolve host: github.com
fatal: unable to access 'https://github.com/yashaswi29/Portfolio.git/': Could not resolve host: github.com
fatal: unable to access 'https://github.com/yashaswi29/Portfolio.git/': Could not resolve host: github.com
fatal: unable to access 'https://github.com/yashaswi29/Portfolio.git/': Could not resolve host: github.com
fatal: unable to access 'https://github.com/yashaswi29/Portfolio.git/': Could not resolve host: github.com
fatal: unable to access 'https://github.com/yashaswi29/Portfolio.git/': Could not resolve host: github.com
fatal: unable to access 'https://github.com/yashaswi29/Portfolio.git/': Could not resolve host: github.com
fatal: unable to access 'https://github.com/yashaswi29/Portfolio.git/': Could not resolve host: github.com
fatal: unable to access 'https://github.com/yashaswi29/Portfolio.git/': Could not resolve host: github.com
fatal: unable to access 'https://github.com/yashaswi29/Portfolio.git/': Could not resolve host: github.com
fatal: unable to access 'https://github.com/yashaswi29/Portfolio.git/': Could not resolve host: github.com
fatal: unable to access 'https://github.com/yashaswi29/Portfolio.git/': Could not resolve host: github.com
fatal: unable to access 'https://github.com/yashaswi29/Portfolio.git/': Could not resolve host: github.com
fatal: unable to access 'https://github.com/yashaswi29/Portfolio.git/': Could not resolve host: github.com
fatal: unable to access 'https://github.com/yashaswi29/Portfolio.git/': Could not resolve host: github.com
fatal: unable to access 'https://github.com/yashaswi29/Portfolio.git/': Could not resolve host: github.com
fatal: unable to access 'https://github.com/yashaswi29/Portfolio.git/': Could not resolve host: github.com
fatal: unable to access 'https://github.com/yashaswi29/Portfolio.git/': Could not resolve host: github.com
fatal: unable to access 'https://github.com/yashaswi29/Portfolio.git/': Could not resolve host: github.com
fatal: unable to access 'https://github.com/yashaswi29/Portfolio.git/': Could not resolve host: github.com
fatal: unable to access 'https://github.com/yashaswi29/Portfolio.git/': Could not resolve host: github.com
fatal: unable to access 'https://github.com/yashaswi29/Portfolio.git/': Could not resolve host: github.com
fatal: unable to access 'https://github.com/yashaswi29/Portfolio.git/': Could not resolve host: github.com
fatal: unable to access 'https://github.com/yashaswi29/Portfolio.git/': Could not resolve host: github.com
fatal: unable to access 'https://github.com/yashaswi29/Portfolio.git/': Could not resolve host: github.com
fatal: unable to access 'https://github.com/yashaswi29/Portfolio.git/': Could not resolve host: github.com
fatal: unable to access 'https://github.com/yashaswi29/Portfolio.git/': Could not resolve host: github.com
fatal: unable to access 'https://github.com/yashaswi29/Portfolio.git/': Could not resolve host: github.com
fatal: unable to access 'https://github.com/yashaswi29/Portfolio.git/': Could not resolve host: github.com
fatal: unable to access 'https://github.com/yashaswi29/Portfolio.git/': Could not resolve host: github.com
fatal: unable to access 'https://github.com/yashaswi29/Portfolio.git/': Could not resolve host: github.com
fatal: unable to access 'https://github.com/yashaswi29/Portfolio.git/': Could not resolve host: github.com
fatal: unable to access 'https://github.com/yashaswi29/Portfolio.git/': Could not resolve host: github.com
fatal: unable to access 'https://github.com/yashaswi29/Portfolio.git/': Could not resolve host: github.com
fatal: unable to access 'https://github.com/yashaswi29/Portfolio.git/': Could not resolve host: github.com
fatal: unable to access 'https://github.com/yashaswi29/Portfolio.git/': Could not resolve host: github.com
fatal: unable to access 'https://github.com/yashaswi29/Portfolio.git/': Could not resolve host: github.com
fatal: unable to access 'https://github.com/yashaswi29/Portfolio.git/': Could not resolve host: github.com
fatal: unable to access 'https://github.com/yashaswi29/Portfolio.git/': Could not resolve host: github.com
fatal: unable to access 'https://github.com/yashaswi29/Portfolio.git/': Could not resolve host: github.com
fatal: unable to access 'https://github.com/yashaswi29/Portfolio.git/': Could not resolve host: github.com
fatal: unable to access 'https://github.com/yashaswi29/Portfolio.git/': Could not resolve host: github.com
fatal: unable to access 'https://github.com/yashaswi29/Portfolio.git/': Could not resolve host: github.com
fatal: unable to access 'https://github.com/yashaswi29/Portfolio.git/': Could not resolve host: github.com
fatal: unable to access 'https://github.com/yashaswi29/Portfolio.git/': Could not resolve host: github.com
fatal: unable to access 'https://github.com/yashaswi29/Portfolio.git/': Could not resolve host: github.com
fatal: unable to access 'https://github.com/yashaswi29/Portfolio.git/': Could not resolve host: github.com
fatal: unable to access 'https://github.com/yashaswi29/Portfolio.git/': Could not resolve host: github.com
fatal: unable to access 'https://github.com/yashaswi29/Portfolio.git/': Could not resolve host: github.com
fatal: unable to access 'https://github.com/yashaswi29/Portfolio.git/': Could not resolve host: github.com
fatal: unable to access 'https://github.com/yashaswi29/Portfolio.git/': Could not resolve host: github.com
fatal: unable to access 'https://github.com/yashaswi29/Portfolio.git/': Could not resolve host: github.com
fatal: unable to access 'https://github.com/yashaswi29/Portfolio.git/': Could not resolve host: github.com
fatal: unable to access 'https://github.com/yashaswi29/Portfolio.git/': Could not resolve host: github.com
fatal: unable to access 'https://github.com/yashaswi29/Portfolio.git/': Could not resolve host: github.com
fatal: unable to access 'https://github.com/yashaswi29/Portfolio.git/': Could not resolve host: github.com
fatal: unable to access 'https://github.com/yashaswi29/Portfolio.git/': Could not resolve host: github.com
fatal: unable to access 'https://github.com/yashaswi29/Portfolio.git/': Could not resolve host: github.com
fatal: unable to access 'https://github.com/yashaswi29/Portfolio.git/': Could not resolve host: github.com
fatal: unable to access 'https://github.com/yashaswi29/Portfolio.git/': Could not resolve host: github.com
fatal: unable to access 'https://github.com/yashaswi29/Portfolio.git/': Could not resolve host: github.com
fatal: unable to access 'https://github.com/yashaswi29/Portfolio.git/': Could not resolve host: github.com
fatal: unable to access 'https://github.com/yashaswi29/Portfolio.git/': Could not resolve host: github.com
fatal: unable to access 'https://github.com/yashaswi29/Portfolio.git/': Could not resolve host: github.com
fatal: unable to access 'https://github.com/yashaswi29/Portfolio.git/': Could not resolve host: github.com
fatal: unable to access 'https://github.com/yashaswi29/Portfolio.git/': Could not resolve host: github.com
fatal: unable to access 'https://github.com/yashaswi29/Portfolio.git/': Could not resolve host: github.com
fatal: unable to access 'https://github.com/yashaswi29/Portfolio.git/': Could not resolve host: github.com
fatal: unable to access 'https://github.com/yashaswi29/Portfolio.git/': Could not resolve host: github.com
fatal: unable to access 'https://github.com/yashaswi29/Portfolio.git/': Could not resolve host: github.com
fatal: unable to access 'https://github.com/yashaswi29/Portfolio.git/': Could not resolve host: github.com
fatal: unable to access 'https://github.com/yashaswi29/Portfolio.git/': Could not resolve host: github.com
fatal: unable to access 'https://github.com/yashaswi29/Portfolio.git/': Could not resolve host: github.com
fatal: unable to access 'https://github.com/yashaswi29/Portfolio.git/': Could not resolve host: github.com
fatal: unable to access 'https://github.com/yashaswi29/Portfolio.git/': Could not resolve host: github.com
fatal: unable to access 'https://github.com/yashaswi29/Portfolio.git/': Could not resolve host: github.com
fatal: unable to access 'https://github.com/yashaswi29/Portfolio.git/': Could not resolve host: github.com
fatal: unable to access 'https://github.com/yashaswi29/Portfolio.git/': Could not resolve host: github.com
fatal: unable to access 'https://github.com/yashaswi29/Portfolio.git/': Could not resolve host: github.com
fatal: unable to access 'https://github.com/yashaswi29/Portfolio.git/': Could not resolve host: github.com
fatal: unable to access 'https://github.com/yashaswi29/Portfolio.git/': Could not resolve host: github.com
fatal: unable to access 'https://github.com/yashaswi29/Portfolio.git/': Could not resolve host: github.com
fatal: unable to access 'https://github.com/yashaswi29/Portfolio.git/': Could not resolve host: github.com
fatal: unable to access 'https://github.com/yashaswi29/Portfolio.git/': Could not resolve host: github.com
fatal: unable to access 'https://github.com/yashaswi29/Portfolio.git/': Could not resolve host: github.com
fatal: unable to access 'https://github.com/yashaswi29/Portfolio.git/': Could not resolve host: github.com
fatal: unable to access 'https://github.com/yashaswi29/Portfolio.git/': Could not resolve host: github.com
fatal: unable to access 'https://github.com/yashaswi29/Portfolio.git/': Could not resolve host: github.com
fatal: unable to access 'https://github.com/yashaswi29/Portfolio.git/': Could not resolve host: github.com
fatal: unable to access 'https://github.com/yashaswi29/Portfolio.git/': Could not resolve host: github.com
fatal: unable to access 'https://github.com/yashaswi29/Portfolio.git/': Could not resolve host: github.com
fatal: unable to access 'https://github.com/yashaswi29/Portfolio.git/': Could not resolve host: github.com
fatal: unable to access 'https://github.com/yashaswi29/Portfolio.git/': Could not resolve host: github.com
fatal: unable to access 'https://github.com/yashaswi29/Portfolio.git/': Could not resolve host: github.com
fatal: unable to access 'https://github.com/yashaswi29/Portfolio.git/': Could not resolve host: github.com
fatal: unable to access 'https://github.com/yashaswi29/Portfolio.git/': Could not resolve host: github.com
fatal: unable to access 'https://github.com/yashaswi29/Portfolio.git/': Could not resolve host: github.com
fatal: unable to access 'https://github.com/yashaswi29/Portfolio.git/': Could not resolve host: github.com
fatal: unable to access 'https://github.com/yashaswi29/Portfolio.git/': Could not resolve host: github.com
fatal: unable to access 'https://github.com/yashaswi29/Portfolio.git/': Could not resolve host: github.com
fatal: unable to access 'https://github.com/yashaswi29/Portfolio.git/': Could not resolve host: github.com
fatal: unable to access 'https://github.com/yashaswi29/Portfolio.git/': Could not resolve host: github.com
fatal: unable to access 'https://github.com/yashaswi29/Portfolio.git/': Could not resolve host: github.com
fatal: unable to access 'https://github.com/yashaswi29/Portfolio.git/': Could not resolve host: github.com
fatal: unable to access 'https://github.com/yashaswi29/Portfolio.git/': Could not resolve host: github.com
fatal: unable to access 'https://github.com/yashaswi29/Portfolio.git/': Could not resolve host: github.com
fatal: unable to access 'https://github.com/yashaswi29/Portfolio.git/': Could not resolve host: github.com
fatal: unable to access 'https://github.com/yashaswi29/Portfolio.git/': Could not resolve host: github.com
fatal: unable to access 'https://github.com/yashaswi29/Portfolio.git/': Could not resolve host: github.com
fatal: unable to access 'https://github.com/yashaswi29/Portfolio.git/': Could not resolve host: github.com
fatal: unable to access 'https://github.com/yashaswi29/Portfolio.git/': Could not resolve host: github.com
fatal: unable to access 'https://github.com/yashaswi29/Portfolio.git/': Could not resolve host: github.com
fatal: unable to access 'https://github.com/yashaswi29/Portfolio.git/': Could not resolve host: github.com
fatal: unable to access 'https://github.com/yashaswi29/Portfolio.git/': Could not resolve host: github.com
fatal: unable to access 'https://github.com/yashaswi29/Portfolio.git/': Could not resolve host: github.com
fatal: unable to access 'https://github.com/yashaswi29/Portfolio.git/': Could not resolve host: github.com
fatal: unable to access 'https://github.com/yashaswi29/Portfolio.git/': Could not resolve host: github.com
fatal: unable to access 'https://github.com/yashaswi29/Portfolio.git/': Could not resolve host: github.com
fatal: unable to access 'https://github.com/yashaswi29/Portfolio.git/': Could not resolve host: github.com
fatal: unable to access 'https://github.com/yashaswi29/Portfolio.git/': Could not resolve host: github.com
HEAD is now at e9ba411 Update fetch_deploy.sh
-----Building Docker image for commit e9ba411...-----
#0 building with "default" instance using docker driver

#1 [internal] load build definition from Dockerfile
#1 transferring dockerfile: 343B done
#1 WARN: FromAsCasing: 'as' and 'FROM' keywords' casing do not match (line 1)
#1 DONE 0.0s

#2 [internal] load metadata for docker.io/library/node:20-alpine
#2 ...

#3 [internal] load metadata for docker.io/library/nginx:alpine
#3 DONE 1.9s

#2 [internal] load metadata for docker.io/library/node:20-alpine
#2 DONE 1.9s

#4 [internal] load .dockerignore
#4 transferring context: 2B done
#4 DONE 0.0s

#5 [builder 1/6] FROM docker.io/library/node:20-alpine@sha256:d3507a213936fe4ef54760a186e113db5188472d9efdf491686bd94580a1c1e8
#5 DONE 0.0s

#6 [stage-1 1/2] FROM docker.io/library/nginx:alpine@sha256:65645c7bb6a0661892a8b03b89d0743208a18dd2f3f17a54ef4b76fb8e2f2a10
#6 DONE 0.0s

#7 [internal] load build context
#7 transferring context: 107.11kB done
#7 DONE 0.0s

#8 [builder 2/6] WORKDIR /app
#8 CACHED

#9 [builder 3/6] COPY package*.json ./
#9 CACHED

#10 [builder 4/6] RUN npm install
#10 CACHED

#11 [builder 5/6] COPY . .
#11 DONE 0.0s

#12 [builder 6/6] RUN npm run build
#12 0.230 
#12 0.230 > devops-portfolio@0.1.0 build
#12 0.230 > vite build
#12 0.230 
#12 0.431 vite v5.4.19 building for production...
#12 0.478 transforming...
#12 2.596 ✓ 1533 modules transformed.
#12 2.721 rendering chunks...
#12 2.727 computing gzip size...
#12 2.735 dist/index.html                   0.75 kB │ gzip:  0.41 kB
#12 2.735 dist/assets/index-DBUmv_8e.css   51.98 kB │ gzip:  7.65 kB
#12 2.735 dist/assets/index-BXrkNOpG.js   261.15 kB │ gzip: 81.69 kB
#12 2.735 ✓ built in 2.28s
#12 DONE 2.8s

#13 [stage-1 2/2] COPY --from=builder /app/dist /usr/share/nginx/html
#13 CACHED

#14 exporting to image
#14 exporting layers done
#14 writing image sha256:c50ece48a51e36f4af3049bdac060be8b751c670a0a4529f7e9ef5387c9357e4 done
#14 naming to docker.io/library/portfolio:e9ba411 done
#14 naming to docker.io/library/portfolio:latest done
#14 DONE 0.0s

 [33m1 warning found (use docker --debug to expand):
[0m - FromAsCasing: 'as' and 'FROM' keywords' casing do not match (line 1)
-----Image portfolio:e9ba411 built successfully.-----
-----Stoping and removing any existing container running on port 7000-----
3af0a5d77702
3af0a5d77702
d8fef12edf26b63936f177412a9d1c03b459d740d613222adc81ffba4785af33
-----Running new container with image portfolio:latest on port 7000-----
Untagged: portfolio:2146e57
Error response from daemon: conflict: unable to remove repository reference "portfolio:c9f62a9" (must force) - container 84f736cfc13f is using its referenced image ff86bf1d31e6
-----Deployment complete. Running container on port 7000 with image portfolio:e9ba411-----
HEAD is now at 1f01a0a Update fetch_deploy.sh
-----Building Docker image for commit 1f01a0a...-----
#0 building with "default" instance using docker driver

#1 [internal] load build definition from Dockerfile
#1 transferring dockerfile: 343B done
#1 WARN: FromAsCasing: 'as' and 'FROM' keywords' casing do not match (line 1)
#1 DONE 0.0s

#2 [internal] load metadata for docker.io/library/node:20-alpine
#2 ...

#3 [internal] load metadata for docker.io/library/nginx:alpine
#3 DONE 1.0s

#2 [internal] load metadata for docker.io/library/node:20-alpine
#2 DONE 1.1s

#4 [internal] load .dockerignore
#4 transferring context: 2B done
#4 DONE 0.0s

#5 [builder 1/6] FROM docker.io/library/node:20-alpine@sha256:d3507a213936fe4ef54760a186e113db5188472d9efdf491686bd94580a1c1e8
#5 DONE 0.0s

#6 [stage-1 1/2] FROM docker.io/library/nginx:alpine@sha256:65645c7bb6a0661892a8b03b89d0743208a18dd2f3f17a54ef4b76fb8e2f2a10
#6 DONE 0.0s

#7 [internal] load build context
#7 transferring context: 111.04kB done
#7 DONE 0.0s

#8 [builder 2/6] WORKDIR /app
#8 CACHED

#9 [builder 3/6] COPY package*.json ./
#9 CACHED

#10 [builder 4/6] RUN npm install
#10 CACHED

#11 [builder 5/6] COPY . .
#11 DONE 0.0s

#12 [builder 6/6] RUN npm run build
#12 0.232 
#12 0.232 > devops-portfolio@0.1.0 build
#12 0.232 > vite build
#12 0.232 
#12 0.412 vite v5.4.19 building for production...
#12 0.457 transforming...
#12 2.596 ✓ 1533 modules transformed.
#12 2.721 rendering chunks...
#12 2.726 computing gzip size...
#12 2.734 dist/index.html                   0.75 kB │ gzip:  0.41 kB
#12 2.734 dist/assets/index-DBUmv_8e.css   51.98 kB │ gzip:  7.65 kB
#12 2.734 dist/assets/index-BXrkNOpG.js   261.15 kB │ gzip: 81.69 kB
#12 2.734 ✓ built in 2.30s
#12 DONE 2.8s

#13 [stage-1 2/2] COPY --from=builder /app/dist /usr/share/nginx/html
#13 CACHED

#14 exporting to image
#14 exporting layers done
#14 writing image sha256:c50ece48a51e36f4af3049bdac060be8b751c670a0a4529f7e9ef5387c9357e4 done
#14 naming to docker.io/library/portfolio:1f01a0a done
#14 naming to docker.io/library/portfolio:latest done
#14 DONE 0.0s

 [33m1 warning found (use docker --debug to expand):
[0m - FromAsCasing: 'as' and 'FROM' keywords' casing do not match (line 1)
-----Image portfolio:1f01a0a built successfully.-----
-----Stopping and removing container using port 7000-----
d8fef12edf26
d8fef12edf26
-----Starting new container on port 7000-----
26c303c67035fa25f13b770690a17baa596a2163cd253daef8e14f75c10fe0c1
-----Removing orphan/idle containers linked to old images-----
84f736cfc13f
-----Cleaning up old image tags-----
Removing image tag 12201fc
Untagged: portfolio:12201fc
Removing image tag 679b558
Untagged: portfolio:679b558
Deleted: sha256:44c0fea08425dbb066b842f6404765a69cd3c892c01b8aec6a2d5062ac54d494
Removing image tag c9f62a9
Untagged: portfolio:c9f62a9
Deleted: sha256:ff86bf1d31e661e295434e2608eeb3b669bf540e4cf7b5f9b50bf52fe0db91e6
Deleted Containers:
8f1658bddedbc5f01d2bf619fdc58ab90d0719fce74f3bb1a40c8fc1043df403
20eec9f737b89026ab6878e42e97034301d11ae72309601b2540febe76d40c26
a01e9a8462dc70413b83b75133e9b0dce0d756222ac00fdcb3b69d46110afb56
dec963312cff1f136337a3c783052ec967fd3322e759127f81d8ce0141bd1790
e0c66ab0ee999d8c565db61d74b9d28094918ac493532d57e364e7a25c652c1c

Total reclaimed space: 2.186kB
Total reclaimed space: 0B
Deployment complete! Running portfolio:1f01a0a on port 7000
HEAD is now at 2ee96a0 add: additional features in the home.tsx
-----Building Docker image for commit 2ee96a0...-----
#0 building with "default" instance using docker driver

#1 [internal] load build definition from Dockerfile
#1 transferring dockerfile: 343B done
#1 WARN: FromAsCasing: 'as' and 'FROM' keywords' casing do not match (line 1)
#1 DONE 0.0s

#2 [internal] load metadata for docker.io/library/nginx:alpine
#2 ...

#3 [internal] load metadata for docker.io/library/node:20-alpine
#3 DONE 2.1s

#2 [internal] load metadata for docker.io/library/nginx:alpine
#2 DONE 2.2s

#4 [internal] load .dockerignore
#4 transferring context: 2B done
#4 DONE 0.0s

#5 [builder 1/6] FROM docker.io/library/node:20-alpine@sha256:d3507a213936fe4ef54760a186e113db5188472d9efdf491686bd94580a1c1e8
#5 DONE 0.0s

#6 [stage-1 1/2] FROM docker.io/library/nginx:alpine@sha256:65645c7bb6a0661892a8b03b89d0743208a18dd2f3f17a54ef4b76fb8e2f2a10
#6 DONE 0.0s

#7 [internal] load build context
#7 transferring context: 123.99kB done
#7 DONE 0.0s

#8 [builder 2/6] WORKDIR /app
#8 CACHED

#9 [builder 3/6] COPY package*.json ./
#9 CACHED

#10 [builder 4/6] RUN npm install
#10 CACHED

#11 [builder 5/6] COPY . .
#11 DONE 0.0s

#12 [builder 6/6] RUN npm run build
#12 0.244 
#12 0.244 > devops-portfolio@0.1.0 build
#12 0.244 > vite build
#12 0.244 
#12 0.436 vite v5.4.19 building for production...
#12 0.481 transforming...
#12 2.590 ✓ 1533 modules transformed.
#12 2.715 rendering chunks...
#12 2.721 computing gzip size...
#12 2.729 dist/index.html                   0.75 kB │ gzip:  0.41 kB
#12 2.729 dist/assets/index-DBUmv_8e.css   51.98 kB │ gzip:  7.65 kB
#12 2.729 dist/assets/index-C1bTgjdT.js   261.13 kB │ gzip: 81.68 kB
#12 2.729 ✓ built in 2.27s
#12 DONE 2.8s

#6 [stage-1 1/2] FROM docker.io/library/nginx:alpine@sha256:65645c7bb6a0661892a8b03b89d0743208a18dd2f3f17a54ef4b76fb8e2f2a10
#6 CACHED

#13 [stage-1 2/2] COPY --from=builder /app/dist /usr/share/nginx/html
#13 DONE 0.0s

#14 exporting to image
#14 exporting layers done
#14 writing image sha256:c1b87258ab6e491074780033a74974c91a2af0d38a0696931fcd6d69519a4eb6 done
#14 naming to docker.io/library/portfolio:2ee96a0 done
#14 naming to docker.io/library/portfolio:latest done
#14 DONE 0.0s

 [33m1 warning found (use docker --debug to expand):
[0m - FromAsCasing: 'as' and 'FROM' keywords' casing do not match (line 1)
-----Image portfolio:2ee96a0 built successfully.-----
-----Stopping and removing container using port 7000-----
26c303c67035
26c303c67035
-----Starting new container on port 7000-----
a19a7c252505384d7a3e66256c199c219ec6978be88f9b23e238a255dfeef419
-----Removing orphan/idle containers linked to old images-----
-----Cleaning up old image tags-----
Removing image tag 12a58bc
Untagged: portfolio:12a58bc
Deleted: sha256:3526d85b4c6d708e73796a1b7c544fcd4fe23c646ff9c7c930f98e4b188e1085
-----Force removing containers using stale images-----
Error response from daemon: conflict: unable to delete c50ece48a51e (must be forced) - image is referenced in multiple repositories
Error response from daemon: conflict: unable to delete c50ece48a51e (must be forced) - image is referenced in multiple repositories
Total reclaimed space: 0B
Deployment complete! Running portfolio:2ee96a0 on port 7000
HEAD is now at d3e7caa issues in the fetch_deploy.sh
-----Building Docker image for commit d3e7caa...-----
#0 building with "default" instance using docker driver

#1 [internal] load build definition from Dockerfile
#1 DONE 0.0s

#1 [internal] load build definition from Dockerfile
#1 transferring dockerfile: 343B done
#1 WARN: FromAsCasing: 'as' and 'FROM' keywords' casing do not match (line 1)
#1 DONE 0.0s

#2 [internal] load metadata for docker.io/library/node:20-alpine
#2 ...

#3 [internal] load metadata for docker.io/library/nginx:alpine
#3 DONE 1.0s

#2 [internal] load metadata for docker.io/library/node:20-alpine
#2 DONE 1.1s

#4 [internal] load .dockerignore
#4 transferring context: 2B done
#4 DONE 0.0s

#5 [builder 1/6] FROM docker.io/library/node:20-alpine@sha256:d3507a213936fe4ef54760a186e113db5188472d9efdf491686bd94580a1c1e8
#5 DONE 0.0s

#6 [stage-1 1/2] FROM docker.io/library/nginx:alpine@sha256:65645c7bb6a0661892a8b03b89d0743208a18dd2f3f17a54ef4b76fb8e2f2a10
#6 DONE 0.0s

#7 [internal] load build context
#7 transferring context: 119.16kB done
#7 DONE 0.0s

#8 [builder 2/6] WORKDIR /app
#8 CACHED

#9 [builder 3/6] COPY package*.json ./
#9 CACHED

#10 [builder 4/6] RUN npm install
#10 CACHED

#11 [builder 5/6] COPY . .
#11 DONE 0.0s

#12 [builder 6/6] RUN npm run build
#12 0.243 
#12 0.243 > devops-portfolio@0.1.0 build
#12 0.243 > vite build
#12 0.243 
#12 0.443 vite v5.4.19 building for production...
#12 0.490 transforming...
#12 2.574 ✓ 1533 modules transformed.
#12 2.698 rendering chunks...
#12 2.704 computing gzip size...
#12 2.711 dist/index.html                   0.75 kB │ gzip:  0.41 kB
#12 2.711 dist/assets/index-DBUmv_8e.css   51.98 kB │ gzip:  7.65 kB
#12 2.711 dist/assets/index-C1bTgjdT.js   261.13 kB │ gzip: 81.68 kB
#12 2.711 ✓ built in 2.25s
#12 DONE 2.7s

#13 [stage-1 2/2] COPY --from=builder /app/dist /usr/share/nginx/html
#13 CACHED

#14 exporting to image
#14 exporting layers done
#14 writing image sha256:c1b87258ab6e491074780033a74974c91a2af0d38a0696931fcd6d69519a4eb6 done
#14 naming to docker.io/library/portfolio:d3e7caa done
#14 naming to docker.io/library/portfolio:latest done
#14 DONE 0.0s

 [33m1 warning found (use docker --debug to expand):
[0m - FromAsCasing: 'as' and 'FROM' keywords' casing do not match (line 1)
-----Image portfolio:d3e7caa built successfully.-----
-----Stopping and removing container using port 7000-----
a19a7c252505
a19a7c252505
-----Starting new container on port 7000-----
8742add3ea6a8abe98c8b399a1c4f898b479bb5c87db222d128a681b2477a03b
-----Removing orphan/idle containers linked to old images-----
-----Cleaning up old image tags-----
Removing image tag 1f01a0a
Untagged: portfolio:1f01a0a
-----Force removing containers using stale images-----
8742add3ea6a
Error response from daemon: conflict: unable to delete c1b87258ab6e (must be forced) - image is referenced in multiple repositories
Untagged: portfolio:e9ba411
Deleted: sha256:c50ece48a51e36f4af3049bdac060be8b751c670a0a4529f7e9ef5387c9357e4
Total reclaimed space: 0B
Deployment complete! Running portfolio:d3e7caa on port 7000
HEAD is now at d5e6ec8 Changes to test the pipeline
-----Building Docker image for commit d5e6ec8...-----
#0 building with "default" instance using docker driver

#1 [internal] load build definition from Dockerfile
#1 transferring dockerfile: 343B done
#1 WARN: FromAsCasing: 'as' and 'FROM' keywords' casing do not match (line 1)
#1 DONE 0.0s

#2 [internal] load metadata for docker.io/library/node:20-alpine
#2 DONE 1.0s

#3 [internal] load metadata for docker.io/library/nginx:alpine
#3 DONE 1.0s

#4 [internal] load .dockerignore
#4 transferring context: 2B done
#4 DONE 0.0s

#5 [builder 1/6] FROM docker.io/library/node:20-alpine@sha256:d3507a213936fe4ef54760a186e113db5188472d9efdf491686bd94580a1c1e8
#5 DONE 0.0s

#6 [stage-1 1/2] FROM docker.io/library/nginx:alpine@sha256:65645c7bb6a0661892a8b03b89d0743208a18dd2f3f17a54ef4b76fb8e2f2a10
#6 DONE 0.0s

#7 [internal] load build context
#7 transferring context: 126.55kB done
#7 DONE 0.0s

#8 [builder 3/6] COPY package*.json ./
#8 CACHED

#9 [builder 2/6] WORKDIR /app
#9 CACHED

#10 [builder 4/6] RUN npm install
#10 CACHED

#11 [builder 5/6] COPY . .
#11 DONE 0.0s

#12 [builder 6/6] RUN npm run build
#12 0.249 
#12 0.249 > devops-portfolio@0.1.0 build
#12 0.249 > vite build
#12 0.249 
#12 0.431 vite v5.4.19 building for production...
#12 0.656 transforming...
#12 2.600 ✓ 1533 modules transformed.
#12 2.724 rendering chunks...
#12 2.730 computing gzip size...
#12 2.738 dist/index.html                   0.75 kB │ gzip:  0.41 kB
#12 2.738 dist/assets/index-DBUmv_8e.css   51.98 kB │ gzip:  7.65 kB
#12 2.738 dist/assets/index-C1bTgjdT.js   261.13 kB │ gzip: 81.68 kB
#12 2.738 ✓ built in 2.29s
#12 DONE 2.8s

#13 [stage-1 2/2] COPY --from=builder /app/dist /usr/share/nginx/html
#13 CACHED

#14 exporting to image
#14 exporting layers done
#14 writing image sha256:c1b87258ab6e491074780033a74974c91a2af0d38a0696931fcd6d69519a4eb6 done
#14 naming to docker.io/library/portfolio:d5e6ec8 done
#14 naming to docker.io/library/portfolio:latest done
#14 DONE 0.0s

 [33m1 warning found (use docker --debug to expand):
[0m - FromAsCasing: 'as' and 'FROM' keywords' casing do not match (line 1)
-----Image portfolio:d5e6ec8 built successfully.-----
-----Stopping and removing container using port 7000-----
3f44b094d83c
3f44b094d83c
-----Starting new container on port 7000-----
fe1256087c77cfefc7d345867a139768f82827d4ea3e22495b64ad2f5a87bee2
-----Removing orphan/idle containers linked to old images-----
-----Cleaning up old image tags-----
fe1256087c77
Untagged: portfolio:201ebef
Untagged: portfolio:d5e6ec8
Untagged: portfolio:latest
Deleted: sha256:c1b87258ab6e491074780033a74974c91a2af0d38a0696931fcd6d69519a4eb6
-----Force removing containers using stale images-----
Total reclaimed space: 0B
Deployment complete! Running portfolio:d5e6ec8 on port 7000
HEAD is now at b0f4790 updated fetch_deploy.sh
-----Building Docker image for commit b0f4790...-----
#0 building with "default" instance using docker driver

#1 [internal] load build definition from Dockerfile
#1 transferring dockerfile: 343B done
#1 WARN: FromAsCasing: 'as' and 'FROM' keywords' casing do not match (line 1)
#1 DONE 0.0s

#2 [internal] load metadata for docker.io/library/node:20-alpine
#2 DONE 1.7s

#3 [internal] load metadata for docker.io/library/nginx:alpine
#3 DONE 1.8s

#4 [internal] load .dockerignore
#4 transferring context: 2B done
#4 DONE 0.0s

#5 [stage-1 1/2] FROM docker.io/library/nginx:alpine@sha256:65645c7bb6a0661892a8b03b89d0743208a18dd2f3f17a54ef4b76fb8e2f2a10
#5 DONE 0.0s

#6 [builder 1/6] FROM docker.io/library/node:20-alpine@sha256:d3507a213936fe4ef54760a186e113db5188472d9efdf491686bd94580a1c1e8
#6 DONE 0.0s

#7 [internal] load build context
#7 transferring context: 127.82kB done
#7 DONE 0.0s

#8 [builder 2/6] WORKDIR /app
#8 CACHED

#9 [builder 3/6] COPY package*.json ./
#9 CACHED

#10 [builder 4/6] RUN npm install
#10 CACHED

#11 [builder 5/6] COPY . .
#11 DONE 0.0s

#12 [builder 6/6] RUN npm run build
#12 0.245 
#12 0.245 > devops-portfolio@0.1.0 build
#12 0.245 > vite build
#12 0.245 
#12 0.443 vite v5.4.19 building for production...
#12 0.489 transforming...
#12 2.633 ✓ 1533 modules transformed.
#12 2.757 rendering chunks...
#12 2.763 computing gzip size...
#12 2.770 dist/index.html                   0.75 kB │ gzip:  0.41 kB
#12 2.770 dist/assets/index-DBUmv_8e.css   51.98 kB │ gzip:  7.65 kB
#12 2.770 dist/assets/index-C1bTgjdT.js   261.13 kB │ gzip: 81.68 kB
#12 2.770 ✓ built in 2.31s
#12 DONE 2.8s

#13 [stage-1 2/2] COPY --from=builder /app/dist /usr/share/nginx/html
#13 CACHED

#14 exporting to image
#14 exporting layers done
#14 writing image sha256:c1b87258ab6e491074780033a74974c91a2af0d38a0696931fcd6d69519a4eb6 done
#14 naming to docker.io/library/portfolio:b0f4790 done
#14 naming to docker.io/library/portfolio:latest done
#14 DONE 0.0s

 [33m1 warning found (use docker --debug to expand):
[0m - FromAsCasing: 'as' and 'FROM' keywords' casing do not match (line 1)
-----Image portfolio:b0f4790 built successfully.-----
-----Starting new container on port 7000-----
017bf42cfb07da1f04e754ebc0f8187bc04e61975c33e171c9cb27c9972b433d
-----Cleaning up old images-----
No old images to clean up
-----Current images:-----
REPOSITORY   TAG       IMAGE ID       CREATED          SIZE
portfolio    b0f4790   c1b87258ab6e   30 minutes ago   48.6MB
portfolio    latest    c1b87258ab6e   30 minutes ago   48.6MB
Deployment complete! Running portfolio:latest (b0f4790) on port 7000
fatal: unable to access 'https://github.com/yashaswi29/Portfolio.git/': Could not resolve host: github.com
HEAD is now at b0f4790 updated fetch_deploy.sh
-----Building Docker image for commit b0f4790...-----
#0 building with "default" instance using docker driver

#1 [internal] load build definition from Dockerfile
#1 transferring dockerfile: 343B done
#1 WARN: FromAsCasing: 'as' and 'FROM' keywords' casing do not match (line 1)
#1 DONE 0.0s

#2 [internal] load metadata for docker.io/library/node:20-alpine
#2 ...

#3 [internal] load metadata for docker.io/library/nginx:alpine
fatal: unable to access 'https://github.com/yashaswi29/Portfolio.git/': Failed to connect to github.com port 443: Connection timed out
#3 ERROR: failed to authorize: DeadlineExceeded: failed to fetch anonymous token: Get "https://auth.docker.io/token?scope=repository%3Alibrary%2Fnginx%3Apull&service=registry.docker.io": dial tcp 98.85.153.80:443: i/o timeout

#2 [internal] load metadata for docker.io/library/node:20-alpine
#2 CANCELED
------
 > [internal] load metadata for docker.io/library/nginx:alpine:
------

 [33m1 warning found (use docker --debug to expand):
[0m - FromAsCasing: 'as' and 'FROM' keywords' casing do not match (line 1)
Dockerfile:9
--------------------
   7 |     RUN npm run build
   8 |     
   9 | >>> FROM nginx:alpine
  10 |     COPY --from=builder /app/dist /usr/share/nginx/html
  11 |     
--------------------
ERROR: failed to solve: DeadlineExceeded: failed to fetch anonymous token: Get "https://auth.docker.io/token?scope=repository%3Alibrary%2Fnginx%3Apull&service=registry.docker.io": dial tcp 98.85.153.80:443: i/o timeout
HEAD is now at b0f4790 updated fetch_deploy.sh
-----Building Docker image for commit b0f4790...-----
#0 building with "default" instance using docker driver

#1 [internal] load build definition from Dockerfile
#1 transferring dockerfile: 343B done
#1 WARN: FromAsCasing: 'as' and 'FROM' keywords' casing do not match (line 1)
#1 DONE 0.0s

#2 [internal] load metadata for docker.io/library/nginx:alpine
#2 DONE 2.1s

#3 [internal] load metadata for docker.io/library/node:20-alpine
#3 DONE 2.1s

#4 [internal] load .dockerignore
#4 transferring context: 2B done
#4 DONE 0.0s

#5 [builder 1/6] FROM docker.io/library/node:20-alpine@sha256:d3507a213936fe4ef54760a186e113db5188472d9efdf491686bd94580a1c1e8
#5 DONE 0.0s

#6 [stage-1 1/2] FROM docker.io/library/nginx:alpine@sha256:65645c7bb6a0661892a8b03b89d0743208a18dd2f3f17a54ef4b76fb8e2f2a10
#6 DONE 0.0s

#7 [internal] load build context
#7 transferring context: 119.88kB done
#7 DONE 0.0s

#8 [builder 3/6] COPY package*.json ./
#8 CACHED

#9 [builder 2/6] WORKDIR /app
#9 CACHED

#10 [builder 4/6] RUN npm install
#10 CACHED

#11 [builder 5/6] COPY . .
#11 DONE 0.0s

#12 [builder 6/6] RUN npm run build
#12 0.224 
#12 0.224 > devops-portfolio@0.1.0 build
#12 0.224 > vite build
#12 0.224 
#12 0.403 vite v5.4.19 building for production...
#12 0.627 transforming...
#12 2.625 ✓ 1533 modules transformed.
#12 2.758 rendering chunks...
#12 2.763 computing gzip size...
#12 2.771 dist/index.html                   0.75 kB │ gzip:  0.41 kB
#12 2.771 dist/assets/index-DBUmv_8e.css   51.98 kB │ gzip:  7.65 kB
#12 2.771 dist/assets/index-C1bTgjdT.js   261.13 kB │ gzip: 81.68 kB
#12 2.771 ✓ built in 2.35s
#12 DONE 2.8s

#13 [stage-1 2/2] COPY --from=builder /app/dist /usr/share/nginx/html
#13 CACHED

#14 exporting to image
#14 exporting layers done
#14 writing image sha256:c1b87258ab6e491074780033a74974c91a2af0d38a0696931fcd6d69519a4eb6 done
#14 naming to docker.io/library/portfolio:b0f4790 done
#14 naming to docker.io/library/portfolio:latest done
#14 DONE 0.0s

 [33m1 warning found (use docker --debug to expand):
[0m - FromAsCasing: 'as' and 'FROM' keywords' casing do not match (line 1)
-----Image portfolio:b0f4790 built successfully.-----
-----Stopping container on port 7000-----
017bf42cfb07
017bf42cfb07
-----Starting new container on port 7000-----
0e6bc24074cb58f44a0ccc2ba578b3540ce9ac1426c1ad29f56bf87229ff968f
-----Cleaning up old images-----
No old images to clean up
-----Current images:-----
REPOSITORY   TAG       IMAGE ID       CREATED        SIZE
portfolio    b0f4790   c1b87258ab6e   35 hours ago   48.6MB
portfolio    latest    c1b87258ab6e   35 hours ago   48.6MB
Deployment complete! Running portfolio:latest (b0f4790) on port 7000
fatal: unable to access 'https://github.com/yashaswi29/Portfolio.git/': Could not resolve host: github.com
fatal: unable to access 'https://github.com/yashaswi29/Portfolio.git/': Could not resolve host: github.com
fatal: unable to access 'https://github.com/yashaswi29/Portfolio.git/': Could not resolve host: github.com
fatal: unable to access 'https://github.com/yashaswi29/Portfolio.git/': Could not resolve host: github.com
fatal: unable to access 'https://github.com/yashaswi29/Portfolio.git/': Could not resolve host: github.com
fatal: unable to access 'https://github.com/yashaswi29/Portfolio.git/': Could not resolve host: github.com
fatal: unable to access 'https://github.com/yashaswi29/Portfolio.git/': Could not resolve host: github.com
fatal: unable to access 'https://github.com/yashaswi29/Portfolio.git/': Could not resolve host: github.com
fatal: unable to access 'https://github.com/yashaswi29/Portfolio.git/': Could not resolve host: github.com
fatal: unable to access 'https://github.com/yashaswi29/Portfolio.git/': Could not resolve host: github.com
fatal: unable to access 'https://github.com/yashaswi29/Portfolio.git/': Could not resolve host: github.com
fatal: unable to access 'https://github.com/yashaswi29/Portfolio.git/': Could not resolve host: github.com
HEAD is now at 003c90b Merge pull request #1 from yashaswi29/feature
-----Building Docker image for commit 003c90b...-----
#0 building with "default" instance using docker driver

#1 [internal] load build definition from Dockerfile
#1 transferring dockerfile: 343B done
#1 WARN: FromAsCasing: 'as' and 'FROM' keywords' casing do not match (line 1)
#1 DONE 0.0s

#2 [internal] load metadata for docker.io/library/node:20-alpine
#2 ...

#3 [internal] load metadata for docker.io/library/nginx:alpine
#3 DONE 2.8s

#2 [internal] load metadata for docker.io/library/node:20-alpine
#2 DONE 4.3s

#4 [internal] load .dockerignore
#4 transferring context: 2B done
#4 DONE 0.0s

#5 [builder 1/6] FROM docker.io/library/node:20-alpine@sha256:d3507a213936fe4ef54760a186e113db5188472d9efdf491686bd94580a1c1e8
#5 DONE 0.0s

#6 [stage-1 1/2] FROM docker.io/library/nginx:alpine@sha256:65645c7bb6a0661892a8b03b89d0743208a18dd2f3f17a54ef4b76fb8e2f2a10
#6 DONE 0.0s

#7 [internal] load build context
#7 transferring context: 249.88kB 0.0s done
#7 DONE 0.0s

#8 [builder 2/6] WORKDIR /app
#8 CACHED

#9 [builder 3/6] COPY package*.json ./
#9 CACHED

#10 [builder 4/6] RUN npm install
#10 CACHED

#11 [builder 5/6] COPY . .
#11 DONE 0.1s

#12 [builder 6/6] RUN npm run build
#12 0.340 
#12 0.340 > devops-portfolio@0.1.0 build
#12 0.340 > vite build
#12 0.340 
#12 0.546 vite v5.4.19 building for production...
#12 0.854 transforming...
#12 2.829 ✓ 1533 modules transformed.
#12 2.950 rendering chunks...
#12 2.956 computing gzip size...
#12 2.964 dist/index.html                   0.75 kB │ gzip:  0.41 kB
#12 2.964 dist/assets/index-Dmo7pxrF.css   51.51 kB │ gzip:  7.47 kB
#12 2.964 dist/assets/index-CUckBvga.js   263.25 kB │ gzip: 81.86 kB
#12 2.964 ✓ built in 2.14s
#12 DONE 3.0s

#6 [stage-1 1/2] FROM docker.io/library/nginx:alpine@sha256:65645c7bb6a0661892a8b03b89d0743208a18dd2f3f17a54ef4b76fb8e2f2a10
#6 CACHED

#13 [stage-1 2/2] COPY --from=builder /app/dist /usr/share/nginx/html
#13 DONE 0.0s

#14 exporting to image
#14 exporting layers done
#14 writing image sha256:f3be909c95d90e064a6a23bdb690f9dd084f9d5c985e2e6382dc8b7bc3359f1b done
#14 naming to docker.io/library/portfolio:003c90b done
#14 naming to docker.io/library/portfolio:latest done
#14 DONE 0.0s

 [33m1 warning found (use docker --debug to expand):
[0m - FromAsCasing: 'as' and 'FROM' keywords' casing do not match (line 1)
-----Image portfolio:003c90b built successfully.-----
-----Stopping container on port 7000-----
0e6bc24074cb
0e6bc24074cb
-----Starting new container on port 7000-----
078f5e919b38d5406121be94ceec507931f0f5efab9b27466ed0061f3435a6fa
-----Cleaning up old images-----
No old images to clean up
-----Current images:-----
REPOSITORY   TAG       IMAGE ID       CREATED        SIZE
portfolio    003c90b   f3be909c95d9   1 second ago   48.6MB
portfolio    latest    f3be909c95d9   1 second ago   48.6MB
portfolio    b0f4790   c1b87258ab6e   4 days ago     48.6MB
Deployment complete! Running portfolio:latest (003c90b) on port 7000
HEAD is now at c859383 Merge pull request #2 from yashaswi29/feature
-----Building Docker image for commit c859383...-----
#0 building with "default" instance using docker driver

#1 [internal] load build definition from Dockerfile
#1 DONE 0.0s

#1 [internal] load build definition from Dockerfile
#1 transferring dockerfile: 343B done
#1 WARN: FromAsCasing: 'as' and 'FROM' keywords' casing do not match (line 1)
#1 DONE 0.0s

#2 [internal] load metadata for docker.io/library/node:20-alpine
#2 DONE 1.9s

#3 [internal] load metadata for docker.io/library/nginx:alpine
#3 DONE 2.0s

#4 [internal] load .dockerignore
#4 transferring context:
#4 transferring context: 2B done
#4 DONE 0.0s

#5 [builder 1/6] FROM docker.io/library/node:20-alpine@sha256:d3507a213936fe4ef54760a186e113db5188472d9efdf491686bd94580a1c1e8
#5 DONE 0.0s

#6 [stage-1 1/2] FROM docker.io/library/nginx:alpine@sha256:65645c7bb6a0661892a8b03b89d0743208a18dd2f3f17a54ef4b76fb8e2f2a10
#6 DONE 0.0s

#7 [internal] load build context
#7 transferring context: 153.89kB 0.0s done
#7 DONE 0.0s

#8 [builder 2/6] WORKDIR /app
#8 CACHED

#9 [builder 3/6] COPY package*.json ./
#9 CACHED

#10 [builder 4/6] RUN npm install
#10 CACHED

#11 [builder 5/6] COPY . .
#11 DONE 0.0s

#12 [builder 6/6] RUN npm run build
#12 0.223 
#12 0.223 > devops-portfolio@0.1.0 build
#12 0.223 > vite build
#12 0.223 
#12 0.401 vite v5.4.19 building for production...
#12 0.447 transforming...
#12 2.561 ✓ 1533 modules transformed.
#12 2.689 rendering chunks...
#12 2.694 computing gzip size...
#12 2.702 dist/index.html                   0.75 kB │ gzip:  0.41 kB
#12 2.702 dist/assets/index-Dmo7pxrF.css   51.51 kB │ gzip:  7.47 kB
#12 2.702 dist/assets/index-Cp-nU5qA.js   263.25 kB │ gzip: 81.86 kB
#12 2.702 ✓ built in 2.28s
#12 DONE 2.7s

#6 [stage-1 1/2] FROM docker.io/library/nginx:alpine@sha256:65645c7bb6a0661892a8b03b89d0743208a18dd2f3f17a54ef4b76fb8e2f2a10
#6 CACHED

#13 [stage-1 2/2] COPY --from=builder /app/dist /usr/share/nginx/html
#13 DONE 0.0s

#14 exporting to image
#14 exporting layers done
#14 writing image sha256:0a91381abd4756adb1d900f44d2dd962e4f26e4f7d5b163205321d8551a2b532 done
#14 naming to docker.io/library/portfolio:c859383 done
#14 naming to docker.io/library/portfolio:latest done
#14 DONE 0.0s

 [33m1 warning found (use docker --debug to expand):
[0m - FromAsCasing: 'as' and 'FROM' keywords' casing do not match (line 1)
-----Image portfolio:c859383 built successfully.-----
-----Stopping container on port 7000-----
078f5e919b38
078f5e919b38
-----Starting new container on port 7000-----
a987bd668bf626ea53df7a504c759c7b86c2dc4af067e28df4ac851a6ba71f80
-----Cleaning up old images-----
No old images to clean up
-----Current images:-----
REPOSITORY   TAG       IMAGE ID       CREATED                  SIZE
portfolio    c859383   0a91381abd47   Less than a second ago   48.6MB
portfolio    latest    0a91381abd47   Less than a second ago   48.6MB
portfolio    003c90b   f3be909c95d9   9 minutes ago            48.6MB
portfolio    b0f4790   c1b87258ab6e   4 days ago               48.6MB
Deployment complete! Running portfolio:latest (c859383) on port 7000
HEAD is now at 3d61578 adding scroll to top functionality
-----Building Docker image for commit 3d61578...-----
#0 building with "default" instance using docker driver

#1 [internal] load build definition from Dockerfile
#1 transferring dockerfile: 343B done
#1 WARN: FromAsCasing: 'as' and 'FROM' keywords' casing do not match (line 1)
#1 DONE 0.0s

#2 [internal] load metadata for docker.io/library/nginx:alpine
#2 DONE 0.8s

#3 [internal] load metadata for docker.io/library/node:20-alpine
#3 DONE 0.9s

#4 [internal] load .dockerignore
#4 transferring context: 2B done
#4 DONE 0.0s

#5 [builder 1/6] FROM docker.io/library/node:20-alpine@sha256:d3507a213936fe4ef54760a186e113db5188472d9efdf491686bd94580a1c1e8
#5 DONE 0.0s

#6 [stage-1 1/2] FROM docker.io/library/nginx:alpine@sha256:65645c7bb6a0661892a8b03b89d0743208a18dd2f3f17a54ef4b76fb8e2f2a10
#6 DONE 0.0s

#7 [internal] load build context
#7 transferring context: 151.00kB 0.0s done
#7 DONE 0.0s

#8 [builder 2/6] WORKDIR /app
#8 CACHED

#9 [builder 3/6] COPY package*.json ./
#9 CACHED

#10 [builder 4/6] RUN npm install
#10 CACHED

#11 [builder 5/6] COPY . .
#11 DONE 0.0s

#12 [builder 6/6] RUN npm run build
#12 0.244 
#12 0.244 > devops-portfolio@0.1.0 build
#12 0.244 > vite build
#12 0.244 
#12 0.423 vite v5.4.19 building for production...
#12 0.644 transforming...
#12 2.561 ✓ 1533 modules transformed.
#12 2.684 rendering chunks...
#12 2.689 computing gzip size...
#12 2.697 dist/index.html                   0.75 kB │ gzip:  0.41 kB
#12 2.697 dist/assets/index-Dmo7pxrF.css   51.51 kB │ gzip:  7.47 kB
#12 2.697 dist/assets/index-Cp-nU5qA.js   263.25 kB │ gzip: 81.86 kB
#12 2.697 ✓ built in 2.25s
#12 DONE 2.7s

#13 [stage-1 2/2] COPY --from=builder /app/dist /usr/share/nginx/html
#13 CACHED

#14 exporting to image
#14 exporting layers done
#14 writing image sha256:0a91381abd4756adb1d900f44d2dd962e4f26e4f7d5b163205321d8551a2b532 done
#14 naming to docker.io/library/portfolio:3d61578 done
#14 naming to docker.io/library/portfolio:latest done
#14 DONE 0.0s

 [33m1 warning found (use docker --debug to expand):
[0m - FromAsCasing: 'as' and 'FROM' keywords' casing do not match (line 1)
-----Image portfolio:3d61578 built successfully.-----
-----Stopping container on port 7000-----
a987bd668bf6
a987bd668bf6
-----Starting new container on port 7000-----
014126842e9e351ff2e757c79a0929cc7fc1bd2c2315442c66f88d12e64ea2c2
-----Cleaning up old images-----
Tags to remove: b0f4790
Processing tag: b0f4790
Untagged: portfolio:b0f4790
Deleted: sha256:c1b87258ab6e491074780033a74974c91a2af0d38a0696931fcd6d69519a4eb6
-----Current images:-----
REPOSITORY   TAG       IMAGE ID       CREATED              SIZE
portfolio    3d61578   0a91381abd47   About a minute ago   48.6MB
portfolio    c859383   0a91381abd47   About a minute ago   48.6MB
portfolio    latest    0a91381abd47   About a minute ago   48.6MB
portfolio    003c90b   f3be909c95d9   11 minutes ago       48.6MB
Deployment complete! Running portfolio:latest (3d61578) on port 7000
HEAD is now at 0ada288 Nginx 404 Error fix && Toggle theme fix
-----Building Docker image for commit 0ada288...-----
#0 building with "default" instance using docker driver

#1 [internal] load build definition from Dockerfile
#1 DONE 0.0s

#1 [internal] load build definition from Dockerfile
#1 transferring dockerfile: 313B done
#1 WARN: FromAsCasing: 'as' and 'FROM' keywords' casing do not match (line 1)
#1 DONE 0.0s

#2 [internal] load metadata for docker.io/library/node:20-alpine
#2 ...

#3 [internal] load metadata for docker.io/library/nginx:alpine
#3 DONE 2.1s

#2 [internal] load metadata for docker.io/library/node:20-alpine
#2 DONE 2.2s

#4 [internal] load .dockerignore
#4 transferring context: 2B done
#4 DONE 0.0s

#5 [builder 1/6] FROM docker.io/library/node:20-alpine@sha256:d3507a213936fe4ef54760a186e113db5188472d9efdf491686bd94580a1c1e8
#5 DONE 0.0s

#6 [stage-1 1/3] FROM docker.io/library/nginx:alpine@sha256:65645c7bb6a0661892a8b03b89d0743208a18dd2f3f17a54ef4b76fb8e2f2a10
#6 DONE 0.0s

#7 [internal] load build context
#7 transferring context: 161.12kB 0.0s done
#7 DONE 0.0s

#8 [builder 2/6] WORKDIR /app
#8 CACHED

#9 [builder 3/6] COPY package*.json ./
#9 CACHED

#10 [builder 4/6] RUN npm install
#10 CACHED

#11 [builder 5/6] COPY . .
#11 DONE 0.0s

#12 [builder 6/6] RUN npm run build
#12 0.241 
#12 0.241 > devops-portfolio@0.1.0 build
#12 0.241 > vite build
#12 0.241 
#12 0.428 vite v5.4.19 building for production...
#12 0.650 transforming...
#12 2.564 ✓ 1533 modules transformed.
#12 2.689 rendering chunks...
#12 2.694 computing gzip size...
#12 2.702 dist/index.html                   0.75 kB │ gzip:  0.41 kB
#12 2.702 dist/assets/index-Dmo7pxrF.css   51.51 kB │ gzip:  7.47 kB
#12 2.702 dist/assets/index-mT5rsL_f.js   263.21 kB │ gzip: 81.85 kB
#12 2.702 ✓ built in 2.25s
#12 DONE 2.7s

#6 [stage-1 1/3] FROM docker.io/library/nginx:alpine@sha256:65645c7bb6a0661892a8b03b89d0743208a18dd2f3f17a54ef4b76fb8e2f2a10
#6 CACHED

#13 [stage-1 2/3] COPY --from=builder /app/dist /usr/share/nginx/html
#13 DONE 0.0s

#14 [stage-1 3/3] COPY nginx.conf /etc/nginx/conf.d/default.conf
#14 DONE 0.1s

#15 exporting to image
#15 exporting layers 0.0s done
#15 writing image sha256:c4ff921dffcdef5cad03ea5bc4ae753744a4f212d35b8eec7fcb8a66f9a8e18f done
#15 naming to docker.io/library/portfolio:0ada288 done
#15 naming to docker.io/library/portfolio:latest done
#15 DONE 0.0s

 [33m1 warning found (use docker --debug to expand):
[0m - FromAsCasing: 'as' and 'FROM' keywords' casing do not match (line 1)
-----Image portfolio:0ada288 built successfully.-----
-----Stopping container on port 7000-----
014126842e9e
014126842e9e
-----Starting new container on port 7000-----
08e30cfee06271026fb0b0adb4f12beb2cf81b1125fed7b9508ae2e968a2d58d
-----Cleaning up old images-----
Tags to remove: 003c90b
Processing tag: 003c90b
Untagged: portfolio:003c90b
Deleted: sha256:f3be909c95d90e064a6a23bdb690f9dd084f9d5c985e2e6382dc8b7bc3359f1b
-----Current images:-----
REPOSITORY   TAG       IMAGE ID       CREATED                  SIZE
portfolio    0ada288   c4ff921dffcd   Less than a second ago   48.6MB
portfolio    latest    c4ff921dffcd   Less than a second ago   48.6MB
portfolio    3d61578   0a91381abd47   19 hours ago             48.6MB
portfolio    c859383   0a91381abd47   19 hours ago             48.6MB
Deployment complete! Running portfolio:latest (0ada288) on port 7000
HEAD is now at bf204fa Merge branch 'main' of https://github.com/yashaswi29/Portfolio
-----Building Docker image for commit bf204fa...-----
#0 building with "default" instance using docker driver

#1 [internal] load build definition from Dockerfile
#1 transferring dockerfile: 313B done
#1 WARN: FromAsCasing: 'as' and 'FROM' keywords' casing do not match (line 1)
#1 DONE 0.0s

#2 [internal] load metadata for docker.io/library/node:20-alpine
#2 DONE 2.1s

#3 [internal] load metadata for docker.io/library/nginx:alpine
#3 DONE 2.1s

#4 [internal] load .dockerignore
#4 transferring context: 2B done
#4 DONE 0.0s

#5 [builder 1/6] FROM docker.io/library/node:20-alpine@sha256:d3507a213936fe4ef54760a186e113db5188472d9efdf491686bd94580a1c1e8
#5 DONE 0.0s

#6 [stage-1 1/3] FROM docker.io/library/nginx:alpine@sha256:65645c7bb6a0661892a8b03b89d0743208a18dd2f3f17a54ef4b76fb8e2f2a10
#6 DONE 0.0s

#7 [internal] load build context
#7 transferring context: 228.43kB 0.0s done
#7 DONE 0.0s

#8 [builder 2/6] WORKDIR /app
#8 CACHED

#9 [builder 3/6] COPY package*.json ./
#9 CACHED

#10 [builder 4/6] RUN npm install
#10 CACHED

#11 [builder 5/6] COPY . .
#11 DONE 0.0s

#12 [builder 6/6] RUN npm run build
#12 0.458 
#12 0.458 > devops-portfolio@0.1.0 build
#12 0.458 > vite build
#12 0.458 
#12 0.640 vite v5.4.19 building for production...
#12 0.862 transforming...
#12 2.783 ✓ 1533 modules transformed.
#12 2.908 rendering chunks...
#12 2.914 computing gzip size...
#12 2.921 dist/index.html                   0.75 kB │ gzip:  0.41 kB
#12 2.921 dist/assets/index-Dmo7pxrF.css   51.51 kB │ gzip:  7.47 kB
#12 2.922 dist/assets/index-rujsN9qj.js   263.37 kB │ gzip: 81.88 kB
#12 2.922 ✓ built in 2.26s
#12 2.940 npm notice
#12 2.940 npm notice New major version of npm available! 10.8.2 -> 11.4.2
#12 2.940 npm notice Changelog: https://github.com/npm/cli/releases/tag/v11.4.2
#12 2.940 npm notice To update run: npm install -g npm@11.4.2
#12 2.940 npm notice
#12 DONE 3.0s

#6 [stage-1 1/3] FROM docker.io/library/nginx:alpine@sha256:65645c7bb6a0661892a8b03b89d0743208a18dd2f3f17a54ef4b76fb8e2f2a10
#6 CACHED

#13 [stage-1 2/3] COPY --from=builder /app/dist /usr/share/nginx/html
#13 DONE 0.0s

#14 [stage-1 3/3] COPY nginx.conf /etc/nginx/conf.d/default.conf
#14 DONE 0.0s

#15 exporting to image
#15 exporting layers 0.0s done
#15 writing image sha256:23a8abcc584902eda9e87ee58fb39e13c22cd66a9b2e55e64aeffb10ca85796c done
#15 naming to docker.io/library/portfolio:bf204fa done
#15 naming to docker.io/library/portfolio:latest done
#15 DONE 0.0s

 [33m1 warning found (use docker --debug to expand):
[0m - FromAsCasing: 'as' and 'FROM' keywords' casing do not match (line 1)
-----Image portfolio:bf204fa built successfully.-----
-----Stopping container on port 7000-----
08e30cfee062
08e30cfee062
-----Starting new container on port 7000-----
83ad3adc5c48309b7d760e609ee0b0186e06d9fdb8bc0dc2a1ec7d10f395223d
-----Cleaning up old images-----
Tags to remove: 3d61578
Processing tag: 3d61578
Untagged: portfolio:3d61578
-----Current images:-----
REPOSITORY   TAG       IMAGE ID       CREATED                  SIZE
portfolio    bf204fa   23a8abcc5849   Less than a second ago   48.6MB
portfolio    latest    23a8abcc5849   Less than a second ago   48.6MB
portfolio    0ada288   c4ff921dffcd   2 days ago               48.6MB
portfolio    c859383   0a91381abd47   3 days ago               48.6MB
Deployment complete! Running portfolio:latest (bf204fa) on port 7000
HEAD is now at bf204fa Merge branch 'main' of https://github.com/yashaswi29/Portfolio
-----Building Docker image for commit bf204fa...-----
#0 building with "default" instance using docker driver

#1 [internal] load build definition from Dockerfile
#1 transferring dockerfile: 313B done
#1 WARN: FromAsCasing: 'as' and 'FROM' keywords' casing do not match (line 1)
#1 DONE 0.0s

#2 [internal] load metadata for docker.io/library/nginx:alpine
#2 ...

#3 [internal] load metadata for docker.io/library/node:20-alpine
#3 DONE 2.1s

#2 [internal] load metadata for docker.io/library/nginx:alpine
#2 DONE 2.3s

#4 [internal] load .dockerignore
#4 transferring context: 2B done
#4 DONE 0.0s

#5 [builder 1/6] FROM docker.io/library/node:20-alpine@sha256:d3507a213936fe4ef54760a186e113db5188472d9efdf491686bd94580a1c1e8
#5 DONE 0.0s

#6 [stage-1 1/3] FROM docker.io/library/nginx:alpine@sha256:65645c7bb6a0661892a8b03b89d0743208a18dd2f3f17a54ef4b76fb8e2f2a10
#6 DONE 0.0s

#7 [internal] load build context
#7 transferring context: 11.56MB 0.1s done
#7 DONE 0.1s

#8 [builder 2/6] WORKDIR /app
#8 CACHED

#9 [builder 3/6] COPY package*.json ./
#9 CACHED

#10 [builder 4/6] RUN npm install
#10 CACHED

#11 [builder 5/6] COPY . .
#11 DONE 0.1s

#12 [builder 6/6] RUN npm run build
#12 0.422 
#12 0.422 > devops-portfolio@0.1.0 build
#12 0.422 > vite build
#12 0.422 
#12 0.623 vite v5.4.19 building for production...
#12 0.668 transforming...
#12 2.734 ✓ 1533 modules transformed.
#12 2.858 rendering chunks...
#12 2.864 computing gzip size...
#12 2.871 dist/index.html                   0.75 kB │ gzip:  0.41 kB
#12 2.871 dist/assets/index-Dmo7pxrF.css   51.51 kB │ gzip:  7.47 kB
#12 2.872 dist/assets/index-rujsN9qj.js   263.37 kB │ gzip: 81.88 kB
#12 2.872 ✓ built in 2.23s
#12 2.890 npm notice
#12 2.890 npm notice New major version of npm available! 10.8.2 -> 11.4.2
#12 2.890 npm notice Changelog: https://github.com/npm/cli/releases/tag/v11.4.2
#12 2.890 npm notice To update run: npm install -g npm@11.4.2
#12 2.890 npm notice
#12 DONE 2.9s

#13 [stage-1 2/3] COPY --from=builder /app/dist /usr/share/nginx/html
#13 CACHED

#14 [stage-1 3/3] COPY nginx.conf /etc/nginx/conf.d/default.conf
#14 CACHED

#15 exporting to image
#15 exporting layers done
#15 writing image sha256:23a8abcc584902eda9e87ee58fb39e13c22cd66a9b2e55e64aeffb10ca85796c done
#15 naming to docker.io/library/portfolio:bf204fa done
#15 naming to docker.io/library/portfolio:latest done
#15 DONE 0.0s

 [33m1 warning found (use docker --debug to expand):
[0m - FromAsCasing: 'as' and 'FROM' keywords' casing do not match (line 1)
-----Image portfolio:bf204fa built successfully.-----
-----Stopping container on port 7000-----
83ad3adc5c48
83ad3adc5c48
-----Starting new container on port 7000-----
e41281869f27a23a3270f060aee92312c25d1d69ac97dcf2924975ea94466d28
-----Cleaning up old images-----
No old images to clean up
-----Current images:-----
REPOSITORY   TAG       IMAGE ID       CREATED       SIZE
portfolio    bf204fa   23a8abcc5849   3 hours ago   48.6MB
portfolio    latest    23a8abcc5849   3 hours ago   48.6MB
portfolio    0ada288   c4ff921dffcd   2 days ago    48.6MB
portfolio    c859383   0a91381abd47   3 days ago    48.6MB
Deployment complete! Running portfolio:latest (bf204fa) on port 7000
HEAD is now at 2950e8f Merge pull request #4 from yashaswi29/feature
-----Building Docker image for commit 2950e8f...-----
#0 building with "default" instance using docker driver

#1 [internal] load build definition from Dockerfile
#1 transferring dockerfile: 313B done
#1 WARN: FromAsCasing: 'as' and 'FROM' keywords' casing do not match (line 1)
#1 DONE 0.0s

#2 [internal] load metadata for docker.io/library/node:20-alpine
#2 DONE 2.2s

#3 [internal] load metadata for docker.io/library/nginx:alpine
#3 DONE 2.3s

#4 [internal] load .dockerignore
#4 transferring context: 2B done
#4 DONE 0.0s

#5 [stage-1 1/3] FROM docker.io/library/nginx:alpine@sha256:b2e814d28359e77bd0aa5fed1939620075e4ffa0eb20423cc557b375bd5c14ad
#5 DONE 0.0s

#6 [builder 1/6] FROM docker.io/library/node:20-alpine@sha256:674181320f4f94582c6182eaa151bf92c6744d478be0f1d12db804b7d59b2d11
#6 DONE 0.0s

#7 [internal] load build context
#7 transferring context: 1.13MB 0.2s done
#7 DONE 0.2s

#8 [builder 2/6] WORKDIR /app
#8 CACHED

#9 [builder 3/6] COPY package*.json ./
#9 CACHED

#10 [builder 4/6] RUN npm install
#10 CACHED

#11 [builder 5/6] COPY . .
#11 DONE 0.9s

#12 [builder 6/6] RUN npm run build
#12 0.262 
#12 0.262 > devops-portfolio@0.1.0 build
#12 0.262 > vite build
#12 0.262 
#12 0.441 vite v5.4.19 building for production...
#12 0.666 transforming...
#12 2.632 ✓ 1533 modules transformed.
#12 2.757 rendering chunks...
#12 2.763 computing gzip size...
#12 2.771 dist/index.html                   0.75 kB │ gzip:  0.41 kB
#12 2.771 dist/assets/index-Dmo7pxrF.css   51.51 kB │ gzip:  7.47 kB
#12 2.771 dist/assets/index-rujsN9qj.js   263.37 kB │ gzip: 81.88 kB
#12 2.771 ✓ built in 2.31s
#12 DONE 2.8s

#13 [stage-1 2/3] COPY --from=builder /app/dist /usr/share/nginx/html
#13 CACHED

#14 [stage-1 3/3] COPY nginx.conf /etc/nginx/conf.d/default.conf
#14 CACHED

#15 exporting to image
#15 exporting layers done
#15 writing image sha256:bb0777107168b36ef6540716bd099ef706d981fee283dd60200a62e1a51451e5 done
#15 naming to docker.io/library/portfolio:2950e8f done
#15 naming to docker.io/library/portfolio:latest done
#15 DONE 0.0s

 [33m1 warning found (use docker --debug to expand):
[0m - FromAsCasing: 'as' and 'FROM' keywords' casing do not match (line 1)
-----Image portfolio:2950e8f built successfully.-----
-----Stopping container on port 7000-----
93662eda340e
93662eda340e
-----Starting new container on port 7000-----
01537ed86e0127a8948e8176793e9e33a107ce0586a684e49f1a3d9e4f65e45d
-----Cleaning up old images-----
No old images to clean up
-----Current images:-----
REPOSITORY   TAG       IMAGE ID       CREATED       SIZE
portfolio    2950e8f   bb0777107168   5 hours ago   52.8MB
portfolio    bf204fa   bb0777107168   5 hours ago   52.8MB
portfolio    latest    bb0777107168   5 hours ago   52.8MB
Deployment complete! Running portfolio:latest (2950e8f) on port 7000
fatal: unable to access 'https://github.com/yashaswi29/Portfolio.git/': Could not resolve host: github.com
fatal: unable to access 'https://github.com/yashaswi29/Portfolio.git/': Could not resolve host: github.com
fatal: unable to access 'https://github.com/yashaswi29/Portfolio.git/': Could not resolve host: github.com
fatal: unable to access 'https://github.com/yashaswi29/Portfolio.git/': Could not resolve host: github.com
fatal: unable to access 'https://github.com/yashaswi29/Portfolio.git/': Could not resolve host: github.com
fatal: unable to access 'https://github.com/yashaswi29/Portfolio.git/': Could not resolve host: github.com
fatal: unable to access 'https://github.com/yashaswi29/Portfolio.git/': Could not resolve host: github.com
fatal: unable to access 'https://github.com/yashaswi29/Portfolio.git/': Could not resolve host: github.com
fatal: unable to access 'https://github.com/yashaswi29/Portfolio.git/': Could not resolve host: github.com
fatal: unable to access 'https://github.com/yashaswi29/Portfolio.git/': Could not resolve host: github.com
fatal: unable to access 'https://github.com/yashaswi29/Portfolio.git/': Could not resolve host: github.com
fatal: unable to access 'https://github.com/yashaswi29/Portfolio.git/': Could not resolve host: github.com
fatal: unable to access 'https://github.com/yashaswi29/Portfolio.git/': Could not resolve host: github.com
fatal: unable to access 'https://github.com/yashaswi29/Portfolio.git/': Could not resolve host: github.com
fatal: unable to access 'https://github.com/yashaswi29/Portfolio.git/': Could not resolve host: github.com
fatal: unable to access 'https://github.com/yashaswi29/Portfolio.git/': Could not resolve host: github.com
fatal: unable to access 'https://github.com/yashaswi29/Portfolio.git/': Could not resolve host: github.com
HEAD is now at 7e5b081 Merge pull request #6 from yashaswi29/feature
-----Building Docker image for commit 7e5b081...-----
#0 building with "default" instance using docker driver

#1 [internal] load build definition from Dockerfile
#1 transferring dockerfile: 313B done
#1 WARN: FromAsCasing: 'as' and 'FROM' keywords' casing do not match (line 1)
#1 DONE 0.0s

#2 [internal] load metadata for docker.io/library/nginx:alpine
#2 ...

#3 [internal] load metadata for docker.io/library/node:20-alpine
#3 DONE 3.2s

#2 [internal] load metadata for docker.io/library/nginx:alpine
#2 DONE 3.4s

#4 [internal] load .dockerignore
#4 transferring context: 2B done
#4 DONE 0.0s

#5 [builder 1/6] FROM docker.io/library/node:20-alpine@sha256:b2dcb680ffeb1ebde82e356c00714b3639eaed002f3d63bd6a3285e59c6aff7a
#5 resolve docker.io/library/node:20-alpine@sha256:b2dcb680ffeb1ebde82e356c00714b3639eaed002f3d63bd6a3285e59c6aff7a done
#5 sha256:b2dcb680ffeb1ebde82e356c00714b3639eaed002f3d63bd6a3285e59c6aff7a 7.67kB / 7.67kB done
#5 sha256:bc60660ddc75e2df580312e2819a25cf7a1cca0cfdd95e03b4fc8f270b78535d 1.72kB / 1.72kB done
#5 sha256:ec1ea917f06c0b4e52e11bf4292291726a8013b978dc1cb483e20555589b2664 6.42kB / 6.42kB done
#5 sha256:9824c27679d3b27c5e1cb00a73adb6f4f8d556994111c12db3c5d61a0c843df8 0B / 3.80MB 0.1s
#5 ...

#6 [internal] load build context
#6 transferring context: 1.22MB 0.3s done
#6 DONE 0.4s

#5 [builder 1/6] FROM docker.io/library/node:20-alpine@sha256:b2dcb680ffeb1ebde82e356c00714b3639eaed002f3d63bd6a3285e59c6aff7a
#5 sha256:9824c27679d3b27c5e1cb00a73adb6f4f8d556994111c12db3c5d61a0c843df8 1.05MB / 3.80MB 0.5s
#5 sha256:9824c27679d3b27c5e1cb00a73adb6f4f8d556994111c12db3c5d61a0c843df8 2.10MB / 3.80MB 0.6s
#5 sha256:9824c27679d3b27c5e1cb00a73adb6f4f8d556994111c12db3c5d61a0c843df8 3.80MB / 3.80MB 0.7s done
#5 sha256:21d30acf39a0a471121d3b665d0ebfb0d9e7dc22e962b65fbd1f1fa3716b0a6d 0B / 42.99MB 1.4s
#5 sha256:d1639e5924310439aa8d70da04cf54c2a73c9560ebb48f591b405e3a95830127 0B / 1.26MB 1.4s
#5 sha256:21d30acf39a0a471121d3b665d0ebfb0d9e7dc22e962b65fbd1f1fa3716b0a6d 3.15MB / 42.99MB 2.2s
#5 sha256:d1639e5924310439aa8d70da04cf54c2a73c9560ebb48f591b405e3a95830127 1.26MB / 1.26MB 2.2s done
#5 sha256:7e1035d9d1bcb3373d5d33230ee8d3f45f51f857ae49ed38fc2caa98f244c750 0B / 447B 2.3s
#5 sha256:21d30acf39a0a471121d3b665d0ebfb0d9e7dc22e962b65fbd1f1fa3716b0a6d 6.29MB / 42.99MB 2.7s
#5 sha256:7e1035d9d1bcb3373d5d33230ee8d3f45f51f857ae49ed38fc2caa98f244c750 447B / 447B 2.6s done
#5 sha256:21d30acf39a0a471121d3b665d0ebfb0d9e7dc22e962b65fbd1f1fa3716b0a6d 9.44MB / 42.99MB 3.0s
#5 sha256:21d30acf39a0a471121d3b665d0ebfb0d9e7dc22e962b65fbd1f1fa3716b0a6d 12.58MB / 42.99MB 3.4s
#5 sha256:21d30acf39a0a471121d3b665d0ebfb0d9e7dc22e962b65fbd1f1fa3716b0a6d 15.73MB / 42.99MB 3.8s
#5 sha256:21d30acf39a0a471121d3b665d0ebfb0d9e7dc22e962b65fbd1f1fa3716b0a6d 19.92MB / 42.99MB 4.2s
#5 sha256:21d30acf39a0a471121d3b665d0ebfb0d9e7dc22e962b65fbd1f1fa3716b0a6d 23.07MB / 42.99MB 4.6s
#5 sha256:21d30acf39a0a471121d3b665d0ebfb0d9e7dc22e962b65fbd1f1fa3716b0a6d 26.21MB / 42.99MB 4.9s
#5 sha256:21d30acf39a0a471121d3b665d0ebfb0d9e7dc22e962b65fbd1f1fa3716b0a6d 29.36MB / 42.99MB 5.3s
#5 sha256:21d30acf39a0a471121d3b665d0ebfb0d9e7dc22e962b65fbd1f1fa3716b0a6d 32.51MB / 42.99MB 5.6s
#5 sha256:21d30acf39a0a471121d3b665d0ebfb0d9e7dc22e962b65fbd1f1fa3716b0a6d 35.65MB / 42.99MB 6.0s
#5 sha256:21d30acf39a0a471121d3b665d0ebfb0d9e7dc22e962b65fbd1f1fa3716b0a6d 38.80MB / 42.99MB 6.3s
#5 ...

#7 [stage-1 1/3] FROM docker.io/library/nginx:alpine@sha256:6e39bb3765ac959c7e1240509636173417a5e37abf140f418401e2fa73970bbe
#7 resolve docker.io/library/nginx:alpine@sha256:6e39bb3765ac959c7e1240509636173417a5e37abf140f418401e2fa73970bbe 0.0s done
#7 sha256:6e39bb3765ac959c7e1240509636173417a5e37abf140f418401e2fa73970bbe 10.33kB / 10.33kB done
#7 sha256:9824c27679d3b27c5e1cb00a73adb6f4f8d556994111c12db3c5d61a0c843df8 3.80MB / 3.80MB 0.7s done
#7 sha256:a5585638209eba93a3af07035d353e512187e9884e402ded45565e264bedb7e1 1.81MB / 1.81MB 1.0s done
#7 sha256:845b5424415de5f77dd5753cbb7c1be8bd8e44cc81f20f9705783a02f8848317 2.50kB / 2.50kB done
#7 sha256:d6adbc7fd47ec44ff968ea826c84f41d0d5a70a2dce4bd030757f9b7fe9040b8 10.78kB / 10.78kB done
#7 sha256:fd372c3c84a23422bc07489867f8c2e7e99774680380ccf89c0a269b71b5690f 628B / 628B 0.7s done
#7 extracting sha256:9824c27679d3b27c5e1cb00a73adb6f4f8d556994111c12db3c5d61a0c843df8 0.1s done
#7 sha256:958a74d6a238e799e7819c7408602b9c5481fa5eda0ee5bcbe1932f685d9d3b9 956B / 956B 1.0s done
#7 sha256:c1d2dc189e3831ffcb9a19138df97d141f3bd13a13a1513b137cc7ca6e94fa09 405B / 405B 1.0s done
#7 extracting sha256:a5585638209eba93a3af07035d353e512187e9884e402ded45565e264bedb7e1 0.0s done
#7 sha256:828fa206d77bc99972844d67b1a617a841c74f15e71c71e656d1437bd26c15b8 1.21kB / 1.21kB 1.3s done
#7 extracting sha256:fd372c3c84a23422bc07489867f8c2e7e99774680380ccf89c0a269b71b5690f done
#7 extracting sha256:958a74d6a238e799e7819c7408602b9c5481fa5eda0ee5bcbe1932f685d9d3b9 done
#7 extracting sha256:c1d2dc189e3831ffcb9a19138df97d141f3bd13a13a1513b137cc7ca6e94fa09 done
#7 sha256:bdaad27fd04a102fe15f473a31a82321c0625a6a3603bd9522bf058eb8a194e2 1.40kB / 1.40kB 1.3s done
#7 sha256:f23865b38cc69ad61d7a272610d411a4e66c2ed6ab2f374ff8e7f947ecfffb28 16.78MB / 16.78MB 6.1s done
#7 extracting sha256:828fa206d77bc99972844d67b1a617a841c74f15e71c71e656d1437bd26c15b8 done
#7 extracting sha256:bdaad27fd04a102fe15f473a31a82321c0625a6a3603bd9522bf058eb8a194e2 done
#7 extracting sha256:f23865b38cc69ad61d7a272610d411a4e66c2ed6ab2f374ff8e7f947ecfffb28 0.2s done
#7 DONE 6.4s

#5 [builder 1/6] FROM docker.io/library/node:20-alpine@sha256:b2dcb680ffeb1ebde82e356c00714b3639eaed002f3d63bd6a3285e59c6aff7a
#5 sha256:21d30acf39a0a471121d3b665d0ebfb0d9e7dc22e962b65fbd1f1fa3716b0a6d 41.94MB / 42.99MB 6.5s
#5 sha256:21d30acf39a0a471121d3b665d0ebfb0d9e7dc22e962b65fbd1f1fa3716b0a6d 42.99MB / 42.99MB 6.6s done
#5 extracting sha256:21d30acf39a0a471121d3b665d0ebfb0d9e7dc22e962b65fbd1f1fa3716b0a6d 0.1s
#5 extracting sha256:21d30acf39a0a471121d3b665d0ebfb0d9e7dc22e962b65fbd1f1fa3716b0a6d 0.7s done
#5 extracting sha256:d1639e5924310439aa8d70da04cf54c2a73c9560ebb48f591b405e3a95830127 0.0s done
#5 extracting sha256:7e1035d9d1bcb3373d5d33230ee8d3f45f51f857ae49ed38fc2caa98f244c750 done
#5 DONE 7.4s

#8 [builder 2/6] WORKDIR /app
#8 DONE 0.1s

#9 [builder 3/6] COPY package*.json ./
#9 DONE 0.0s

#10 [builder 4/6] RUN npm install
#10 5.186 
#10 5.186 added 290 packages, and audited 291 packages in 5s
#10 5.187 
#10 5.187 75 packages are looking for funding
#10 5.187   run `npm fund` for details
#10 5.193 
#10 5.193 3 vulnerabilities (1 low, 2 moderate)
#10 5.193 
#10 5.193 To address issues that do not require attention, run:
#10 5.193   npm audit fix
#10 5.193 
#10 5.193 To address all issues (including breaking changes), run:
#10 5.193   npm audit fix --force
#10 5.193 
#10 5.193 Run `npm audit` for details.
#10 5.194 npm notice
#10 5.194 npm notice New major version of npm available! 10.8.2 -> 11.4.2
#10 5.194 npm notice Changelog: https://github.com/npm/cli/releases/tag/v11.4.2
#10 5.194 npm notice To update run: npm install -g npm@11.4.2
#10 5.194 npm notice
#10 DONE 5.3s

#11 [builder 5/6] COPY . .
#11 DONE 1.9s

#12 [builder 6/6] RUN npm run build
#12 0.250 
#12 0.250 > devops-portfolio@0.1.0 build
#12 0.250 > vite build
#12 0.250 
#12 0.436 vite v5.4.19 building for production...
#12 0.672 transforming...
#12 2.614 ✓ 1533 modules transformed.
#12 2.739 rendering chunks...
#12 2.745 computing gzip size...
#12 2.753 dist/index.html                   0.75 kB │ gzip:  0.41 kB
#12 2.753 dist/assets/index-CmLRPZBF.css   50.96 kB │ gzip:  7.43 kB
#12 2.753 dist/assets/index-_bjzJwaL.js   263.68 kB │ gzip: 81.95 kB
#12 2.753 ✓ built in 2.29s
#12 DONE 2.8s

#13 [stage-1 2/3] COPY --from=builder /app/dist /usr/share/nginx/html
#13 DONE 0.0s

#14 [stage-1 3/3] COPY nginx.conf /etc/nginx/conf.d/default.conf
#14 DONE 0.0s

#15 exporting to image
#15 exporting layers 0.0s done
#15 writing image sha256:a993e34abb8b3ab8e917d4eb06e80dc7c2326fb134ad59c7c2f0104643ce6616 done
#15 naming to docker.io/library/portfolio:7e5b081 done
#15 naming to docker.io/library/portfolio:latest done
#15 DONE 0.0s

 [33m1 warning found (use docker --debug to expand):
[0m - FromAsCasing: 'as' and 'FROM' keywords' casing do not match (line 1)
-----Image portfolio:7e5b081 built successfully.-----
-----Stopping container on port 7000-----
01537ed86e01
01537ed86e01
-----Starting new container on port 7000-----
c3ab54a01030f1106ae2968a40e745d36ebfd03fef840b0ff4078ce357c32c5e
-----Cleaning up old images-----
No old images to clean up
-----Current images:-----
REPOSITORY   TAG       IMAGE ID       CREATED        SIZE
portfolio    7e5b081   a993e34abb8b   1 second ago   52.8MB
portfolio    latest    a993e34abb8b   1 second ago   52.8MB
portfolio    2950e8f   bb0777107168   2 weeks ago    52.8MB
portfolio    bf204fa   bb0777107168   2 weeks ago    52.8MB
Deployment complete! Running portfolio:latest (7e5b081) on port 7000
HEAD is now at 1e03fb9 Merge pull request #7 from yashaswi29/feature
-----Building Docker image for commit 1e03fb9...-----
#0 building with "default" instance using docker driver

#1 [internal] load build definition from Dockerfile
#1 DONE 0.0s

#1 [internal] load build definition from Dockerfile
#1 transferring dockerfile: 313B done
#1 WARN: FromAsCasing: 'as' and 'FROM' keywords' casing do not match (line 1)
#1 DONE 0.0s

#2 [internal] load metadata for docker.io/library/node:20-alpine
#2 DONE 1.9s

#3 [internal] load metadata for docker.io/library/nginx:alpine
#3 DONE 2.1s

#4 [internal] load .dockerignore
#4 transferring context: 2B done
#4 DONE 0.0s

#5 [builder 1/6] FROM docker.io/library/node:20-alpine@sha256:b2dcb680ffeb1ebde82e356c00714b3639eaed002f3d63bd6a3285e59c6aff7a
#5 DONE 0.0s

#6 [stage-1 1/3] FROM docker.io/library/nginx:alpine@sha256:6e39bb3765ac959c7e1240509636173417a5e37abf140f418401e2fa73970bbe
#6 DONE 0.0s

#7 [internal] load build context
#7 transferring context: 1.13MB 0.2s done
#7 DONE 0.2s

#8 [builder 3/6] COPY package*.json ./
#8 CACHED

#9 [builder 2/6] WORKDIR /app
#9 CACHED

#10 [builder 4/6] RUN npm install
#10 CACHED

#11 [builder 5/6] COPY . .
#11 DONE 1.0s

#12 [builder 6/6] RUN npm run build
#12 0.239 
#12 0.239 > devops-portfolio@0.1.0 build
#12 0.239 > vite build
#12 0.239 
#12 0.442 vite v5.4.19 building for production...
#12 0.490 transforming...
#12 2.622 ✓ 1533 modules transformed.
#12 2.746 rendering chunks...
#12 2.752 computing gzip size...
#12 2.760 dist/index.html                   0.75 kB │ gzip:  0.41 kB
#12 2.760 dist/assets/index-CmLRPZBF.css   50.96 kB │ gzip:  7.43 kB
#12 2.760 dist/assets/index-_bjzJwaL.js   263.68 kB │ gzip: 81.95 kB
#12 2.760 ✓ built in 2.29s
#12 DONE 2.8s

#13 [stage-1 2/3] COPY --from=builder /app/dist /usr/share/nginx/html
#13 CACHED

#14 [stage-1 3/3] COPY nginx.conf /etc/nginx/conf.d/default.conf
#14 CACHED

#15 exporting to image
#15 exporting layers done
#15 writing image sha256:a993e34abb8b3ab8e917d4eb06e80dc7c2326fb134ad59c7c2f0104643ce6616 done
#15 naming to docker.io/library/portfolio:1e03fb9 done
#15 naming to docker.io/library/portfolio:latest done
#15 DONE 0.0s

 [33m1 warning found (use docker --debug to expand):
[0m - FromAsCasing: 'as' and 'FROM' keywords' casing do not match (line 1)
-----Image portfolio:1e03fb9 built successfully.-----
-----Stopping container on port 7000-----
c3ab54a01030
c3ab54a01030
-----Starting new container on port 7000-----
cbfcad8ddb22bc6ca0c3e248bf748976c8b3156de479f2a68edf6a57d3d05e81
-----Cleaning up old images-----
Tags to remove: 2950e8f
Processing tag: 2950e8f
Untagged: portfolio:2950e8f
-----Current images:-----
REPOSITORY   TAG       IMAGE ID       CREATED             SIZE
portfolio    1e03fb9   a993e34abb8b   About an hour ago   52.8MB
portfolio    7e5b081   a993e34abb8b   About an hour ago   52.8MB
portfolio    latest    a993e34abb8b   About an hour ago   52.8MB
portfolio    bf204fa   bb0777107168   2 weeks ago         52.8MB
Deployment complete! Running portfolio:latest (1e03fb9) on port 7000
HEAD is now at 1ee3771 Merge pull request #8 from yashaswi29/feature
-----Building Docker image for commit 1ee3771...-----
#0 building with "default" instance using docker driver

#1 [internal] load build definition from Dockerfile
#1 transferring dockerfile: 313B done
#1 WARN: FromAsCasing: 'as' and 'FROM' keywords' casing do not match (line 1)
#1 DONE 0.0s

#2 [internal] load metadata for docker.io/library/node:20-alpine
#2 ...

#3 [internal] load metadata for docker.io/library/nginx:alpine
#3 DONE 3.0s

#2 [internal] load metadata for docker.io/library/node:20-alpine
#2 DONE 3.5s

#4 [internal] load .dockerignore
#4 transferring context: 2B done
#4 DONE 0.0s

#5 [stage-1 1/3] FROM docker.io/library/nginx:alpine@sha256:f741b7f2e82ec8e3daa163b089d48ec163ad0b015d859a1e4f0f2a6202e8cc22
#5 resolve docker.io/library/nginx:alpine@sha256:f741b7f2e82ec8e3daa163b089d48ec163ad0b015d859a1e4f0f2a6202e8cc22 done
#5 DONE 0.0s

#6 [builder 1/6] FROM docker.io/library/node:20-alpine@sha256:df02558528d3d3d0d621f112e232611aecfee7cbc654f6b375765f72bb262799
#6 resolve docker.io/library/node:20-alpine@sha256:df02558528d3d3d0d621f112e232611aecfee7cbc654f6b375765f72bb262799 done
#6 ...

#7 [internal] load build context
#7 transferring context: 1.14MB 0.2s done
#7 DONE 0.2s

#6 [builder 1/6] FROM docker.io/library/node:20-alpine@sha256:df02558528d3d3d0d621f112e232611aecfee7cbc654f6b375765f72bb262799
#6 sha256:df02558528d3d3d0d621f112e232611aecfee7cbc654f6b375765f72bb262799 7.67kB / 7.67kB done
#6 sha256:ae6ee91a652d927de01d550c29f863a52f1da390c89df95f3ceba256d1e62604 1.72kB / 1.72kB done
#6 sha256:7cdef5a331927fafa250be6166052d8599bf5eb7b014342538c2cc79b70a081f 6.42kB / 6.42kB done
#6 sha256:8c59d92d6fc9f01af4aaa86824be72b74bd4d940c4c46aa95d9710bfa46c975e 0B / 42.99MB 0.1s
#6 sha256:54225bd601967a0aa669ec9be621c24d8eeac874b698d55874018070898685c2 0B / 1.26MB 0.1s
#6 sha256:a9e48ad1219d4d11c6456a8db0fd5c11af46242d52edf84e17ab84a7bfd93809 0B / 445B 0.1s
#6 sha256:8c59d92d6fc9f01af4aaa86824be72b74bd4d940c4c46aa95d9710bfa46c975e 3.15MB / 42.99MB 0.7s
#6 sha256:8c59d92d6fc9f01af4aaa86824be72b74bd4d940c4c46aa95d9710bfa46c975e 7.34MB / 42.99MB 1.0s
#6 sha256:54225bd601967a0aa669ec9be621c24d8eeac874b698d55874018070898685c2 1.26MB / 1.26MB 1.2s done
#6 sha256:a9e48ad1219d4d11c6456a8db0fd5c11af46242d52edf84e17ab84a7bfd93809 445B / 445B 1.1s done
#6 sha256:8c59d92d6fc9f01af4aaa86824be72b74bd4d940c4c46aa95d9710bfa46c975e 10.49MB / 42.99MB 1.4s
#6 sha256:8c59d92d6fc9f01af4aaa86824be72b74bd4d940c4c46aa95d9710bfa46c975e 14.68MB / 42.99MB 1.8s
#6 sha256:8c59d92d6fc9f01af4aaa86824be72b74bd4d940c4c46aa95d9710bfa46c975e 18.87MB / 42.99MB 2.1s
#6 sha256:8c59d92d6fc9f01af4aaa86824be72b74bd4d940c4c46aa95d9710bfa46c975e 22.02MB / 42.99MB 2.4s
#6 sha256:8c59d92d6fc9f01af4aaa86824be72b74bd4d940c4c46aa95d9710bfa46c975e 26.21MB / 42.99MB 2.8s
#6 sha256:8c59d92d6fc9f01af4aaa86824be72b74bd4d940c4c46aa95d9710bfa46c975e 30.41MB / 42.99MB 3.1s
#6 sha256:8c59d92d6fc9f01af4aaa86824be72b74bd4d940c4c46aa95d9710bfa46c975e 34.60MB / 42.99MB 3.5s
#6 sha256:8c59d92d6fc9f01af4aaa86824be72b74bd4d940c4c46aa95d9710bfa46c975e 38.80MB / 42.99MB 3.8s
#6 sha256:8c59d92d6fc9f01af4aaa86824be72b74bd4d940c4c46aa95d9710bfa46c975e 41.94MB / 42.99MB 4.1s
#6 sha256:8c59d92d6fc9f01af4aaa86824be72b74bd4d940c4c46aa95d9710bfa46c975e 42.99MB / 42.99MB 4.2s done
#6 extracting sha256:8c59d92d6fc9f01af4aaa86824be72b74bd4d940c4c46aa95d9710bfa46c975e 0.1s
#6 extracting sha256:8c59d92d6fc9f01af4aaa86824be72b74bd4d940c4c46aa95d9710bfa46c975e 0.6s done
#6 extracting sha256:54225bd601967a0aa669ec9be621c24d8eeac874b698d55874018070898685c2
#6 extracting sha256:54225bd601967a0aa669ec9be621c24d8eeac874b698d55874018070898685c2 0.0s done
#6 extracting sha256:a9e48ad1219d4d11c6456a8db0fd5c11af46242d52edf84e17ab84a7bfd93809 done
#6 DONE 4.9s

#8 [builder 2/6] WORKDIR /app
#8 DONE 0.1s

#9 [builder 3/6] COPY package*.json ./
#9 DONE 0.0s

#10 [builder 4/6] RUN npm install
#10 4.048 
#10 4.048 added 290 packages, and audited 291 packages in 4s
#10 4.048 
#10 4.048 75 packages are looking for funding
#10 4.048   run `npm fund` for details
#10 4.055 
#10 4.055 3 vulnerabilities (1 low, 2 moderate)
#10 4.055 
#10 4.055 To address issues that do not require attention, run:
#10 4.055   npm audit fix
#10 4.055 
#10 4.055 To address all issues (including breaking changes), run:
#10 4.055   npm audit fix --force
#10 4.055 
#10 4.055 Run `npm audit` for details.
#10 4.056 npm notice
#10 4.056 npm notice New major version of npm available! 10.8.2 -> 11.4.2
#10 4.056 npm notice Changelog: https://github.com/npm/cli/releases/tag/v11.4.2
#10 4.056 npm notice To update run: npm install -g npm@11.4.2
#10 4.056 npm notice
#10 DONE 4.2s

#11 [builder 5/6] COPY . .
#11 DONE 1.2s

#12 [builder 6/6] RUN npm run build
#12 0.287 
#12 0.287 > devops-portfolio@0.1.0 build
#12 0.287 > vite build
#12 0.287 
#12 0.463 vite v5.4.19 building for production...
#12 0.690 transforming...
#12 2.639 ✓ 1533 modules transformed.
#12 2.763 rendering chunks...
#12 2.769 computing gzip size...
#12 2.777 dist/index.html                   0.75 kB │ gzip:  0.41 kB
#12 2.777 dist/assets/index-CmLRPZBF.css   50.96 kB │ gzip:  7.43 kB
#12 2.777 dist/assets/index-_bjzJwaL.js   263.68 kB │ gzip: 81.95 kB
#12 2.777 ✓ built in 2.29s
#12 DONE 2.8s

#13 [stage-1 2/3] COPY --from=builder /app/dist /usr/share/nginx/html
#13 CACHED

#14 [stage-1 3/3] COPY nginx.conf /etc/nginx/conf.d/default.conf
#14 CACHED

#15 exporting to image
#15 exporting layers done
#15 writing image sha256:a993e34abb8b3ab8e917d4eb06e80dc7c2326fb134ad59c7c2f0104643ce6616 done
#15 naming to docker.io/library/portfolio:1ee3771 done
#15 naming to docker.io/library/portfolio:latest done
#15 DONE 0.0s

 [33m1 warning found (use docker --debug to expand):
[0m - FromAsCasing: 'as' and 'FROM' keywords' casing do not match (line 1)
-----Image portfolio:1ee3771 built successfully.-----
-----Stopping container on port 7000-----
cbfcad8ddb22
cbfcad8ddb22
-----Starting new container on port 7000-----
7b54d21dfa4104657691ca9dd54ffa92a8cf3a0bfbcaf964eef8d39768b51486
-----Cleaning up old images-----
Tags to remove: bf204fa
Processing tag: bf204fa
Untagged: portfolio:bf204fa
Deleted: sha256:bb0777107168b36ef6540716bd099ef706d981fee283dd60200a62e1a51451e5
-----Current images:-----
REPOSITORY   TAG       IMAGE ID       CREATED        SIZE
portfolio    1e03fb9   a993e34abb8b   15 hours ago   52.8MB
portfolio    1ee3771   a993e34abb8b   15 hours ago   52.8MB
portfolio    7e5b081   a993e34abb8b   15 hours ago   52.8MB
portfolio    latest    a993e34abb8b   15 hours ago   52.8MB
Deployment complete! Running portfolio:latest (1ee3771) on port 7000
HEAD is now at 44b6fab Merge pull request #9 from yashaswi29:feature
-----Building Docker image for commit 44b6fab...-----
#0 building with "default" instance using docker driver

#1 [internal] load build definition from Dockerfile
#1 transferring dockerfile: 313B done
#1 WARN: FromAsCasing: 'as' and 'FROM' keywords' casing do not match (line 1)
#1 DONE 0.0s

#2 [internal] load metadata for docker.io/library/nginx:alpine
#2 ...

#3 [internal] load metadata for docker.io/library/node:20-alpine
#3 DONE 2.6s

#2 [internal] load metadata for docker.io/library/nginx:alpine
#2 DONE 3.2s

#4 [internal] load .dockerignore
#4 transferring context: 2B done
#4 DONE 0.0s

#5 [builder 1/6] FROM docker.io/library/node:20-alpine@sha256:df02558528d3d3d0d621f112e232611aecfee7cbc654f6b375765f72bb262799
#5 DONE 0.0s

#6 [stage-1 1/3] FROM docker.io/library/nginx:alpine@sha256:f741b7f2e82ec8e3daa163b089d48ec163ad0b015d859a1e4f0f2a6202e8cc22
#6 resolve docker.io/library/nginx:alpine@sha256:f741b7f2e82ec8e3daa163b089d48ec163ad0b015d859a1e4f0f2a6202e8cc22 done
#6 DONE 0.0s

#7 [internal] load build context
#7 transferring context: 1.15MB 0.2s done
#7 DONE 0.2s

#8 [builder 2/6] WORKDIR /app
#8 CACHED

#9 [builder 3/6] COPY package*.json ./
#9 CACHED

#10 [builder 4/6] RUN npm install
#10 CACHED

#11 [builder 5/6] COPY . .
#11 DONE 1.0s

#12 [builder 6/6] RUN npm run build
#12 0.254 
#12 0.254 > devops-portfolio@0.1.0 build
#12 0.254 > vite build
#12 0.254 
#12 0.434 vite v5.4.19 building for production...
#12 0.659 transforming...
#12 2.604 ✓ 1533 modules transformed.
#12 2.728 rendering chunks...
#12 2.734 computing gzip size...
#12 2.742 dist/index.html                   0.75 kB │ gzip:  0.41 kB
#12 2.742 dist/assets/index-CmLRPZBF.css   50.96 kB │ gzip:  7.43 kB
#12 2.742 dist/assets/index-_bjzJwaL.js   263.68 kB │ gzip: 81.95 kB
#12 2.743 ✓ built in 2.29s
#12 DONE 2.8s

#13 [stage-1 2/3] COPY --from=builder /app/dist /usr/share/nginx/html
#13 CACHED

#14 [stage-1 3/3] COPY nginx.conf /etc/nginx/conf.d/default.conf
#14 CACHED

#15 exporting to image
#15 exporting layers done
#15 writing image sha256:a993e34abb8b3ab8e917d4eb06e80dc7c2326fb134ad59c7c2f0104643ce6616 done
#15 naming to docker.io/library/portfolio:44b6fab done
#15 naming to docker.io/library/portfolio:latest done
#15 DONE 0.0s

 [33m1 warning found (use docker --debug to expand):
[0m - FromAsCasing: 'as' and 'FROM' keywords' casing do not match (line 1)
-----Image portfolio:44b6fab built successfully.-----
-----Starting new container on port 7000-----
915f99092712d8c30f10427b27db9a86c660609604b9c4bb3fac1a7b2cafaf0a
-----Cleaning up old images-----
Tags to remove: 1e03fb9
Processing tag: 1e03fb9
Removing containers for portfolio:1e03fb9
915f99092712
7b54d21dfa41
Untagged: portfolio:1e03fb9
-----Current images:-----
REPOSITORY   TAG       IMAGE ID       CREATED        SIZE
portfolio    1ee3771   a993e34abb8b   15 hours ago   52.8MB
portfolio    44b6fab   a993e34abb8b   15 hours ago   52.8MB
portfolio    7e5b081   a993e34abb8b   15 hours ago   52.8MB
portfolio    latest    a993e34abb8b   15 hours ago   52.8MB
Deployment complete! Running portfolio:latest (44b6fab) on port 7000
HEAD is now at 90a5119 updated fetch_deploy.sh
-----Building Docker image for commit 90a5119...-----
#0 building with "default" instance using docker driver

#1 [internal] load build definition from Dockerfile
#1 transferring dockerfile: 313B done
#1 WARN: FromAsCasing: 'as' and 'FROM' keywords' casing do not match (line 1)
#1 DONE 0.0s

#2 [internal] load metadata for docker.io/library/nginx:alpine
#2 ...

#3 [internal] load metadata for docker.io/library/node:20-alpine
#3 DONE 1.7s

#2 [internal] load metadata for docker.io/library/nginx:alpine
#2 DONE 2.2s

#4 [internal] load .dockerignore
#4 transferring context: 2B done
#4 DONE 0.0s

#5 [builder 1/6] FROM docker.io/library/node:20-alpine@sha256:df02558528d3d3d0d621f112e232611aecfee7cbc654f6b375765f72bb262799
#5 DONE 0.0s

#6 [stage-1 1/3] FROM docker.io/library/nginx:alpine@sha256:f741b7f2e82ec8e3daa163b089d48ec163ad0b015d859a1e4f0f2a6202e8cc22
#6 resolve docker.io/library/nginx:alpine@sha256:f741b7f2e82ec8e3daa163b089d48ec163ad0b015d859a1e4f0f2a6202e8cc22 done
#6 DONE 0.0s

#7 [internal] load build context
#7 transferring context: 1.15MB 0.2s done
#7 DONE 0.2s

#8 [builder 3/6] COPY package*.json ./
#8 CACHED

#9 [builder 2/6] WORKDIR /app
#9 CACHED

#10 [builder 4/6] RUN npm install
#10 CACHED

#11 [builder 5/6] COPY . .
#11 DONE 0.9s

#12 [builder 6/6] RUN npm run build
#12 0.252 
#12 0.252 > devops-portfolio@0.1.0 build
#12 0.252 > vite build
#12 0.252 
#12 0.458 vite v5.4.19 building for production...
#12 0.682 transforming...
#12 2.581 ✓ 1533 modules transformed.
#12 2.704 rendering chunks...
#12 2.710 computing gzip size...
#12 2.717 dist/index.html                   0.75 kB │ gzip:  0.41 kB
#12 2.717 dist/assets/index-CmLRPZBF.css   50.96 kB │ gzip:  7.43 kB
#12 2.717 dist/assets/index-_bjzJwaL.js   263.68 kB │ gzip: 81.95 kB
#12 2.718 ✓ built in 2.24s
#12 DONE 2.7s

#13 [stage-1 2/3] COPY --from=builder /app/dist /usr/share/nginx/html
#13 CACHED

#14 [stage-1 3/3] COPY nginx.conf /etc/nginx/conf.d/default.conf
#14 CACHED

#15 exporting to image
#15 exporting layers done
#15 writing image sha256:a993e34abb8b3ab8e917d4eb06e80dc7c2326fb134ad59c7c2f0104643ce6616 done
#15 naming to docker.io/library/portfolio:90a5119 done
#15 naming to docker.io/library/portfolio:latest done
#15 DONE 0.0s

 [33m1 warning found (use docker --debug to expand):
[0m - FromAsCasing: 'as' and 'FROM' keywords' casing do not match (line 1)
-----Image portfolio:90a5119 built successfully.-----
-----Stopping container on port 7000-----
7f54ae1e49cc
7f54ae1e49cc
-----Starting new container on port 7000-----
62185111f0ac5fb2b20c8f026b8292533b39c9dfb9dcb9bc66018c50c9a050f1
-----Cleaning up old images-----
Tags to remove: 1ee3771
Processing tag: 1ee3771
Removing containers for portfolio:1ee3771
62185111f0ac
Untagged: portfolio:1ee3771
-----Current images:-----
REPOSITORY   TAG       IMAGE ID       CREATED        SIZE
portfolio    44b6fab   a993e34abb8b   16 hours ago   52.8MB
portfolio    7e5b081   a993e34abb8b   16 hours ago   52.8MB
portfolio    90a5119   a993e34abb8b   16 hours ago   52.8MB
portfolio    latest    a993e34abb8b   16 hours ago   52.8MB
Deployment complete! Running portfolio:latest (90a5119) on port 7000
HEAD is now at 69daf0e complication of ports
-----Building frontend image (69daf0e)...-----
#0 building with "default" instance using docker driver

#1 [internal] load build definition from Dockerfile
#1 transferring dockerfile: 313B done
#1 WARN: FromAsCasing: 'as' and 'FROM' keywords' casing do not match (line 1)
#1 DONE 0.0s

#2 [internal] load metadata for docker.io/library/node:20-alpine
#2 DONE 2.1s

#3 [internal] load metadata for docker.io/library/nginx:alpine
#3 DONE 2.4s

#4 [internal] load .dockerignore
#4 transferring context: 2B done
#4 DONE 0.0s

#5 [builder 1/6] FROM docker.io/library/node:20-alpine@sha256:df02558528d3d3d0d621f112e232611aecfee7cbc654f6b375765f72bb262799
#5 DONE 0.0s

#6 [stage-1 1/3] FROM docker.io/library/nginx:alpine@sha256:f741b7f2e82ec8e3daa163b089d48ec163ad0b015d859a1e4f0f2a6202e8cc22
#6 resolve docker.io/library/nginx:alpine@sha256:f741b7f2e82ec8e3daa163b089d48ec163ad0b015d859a1e4f0f2a6202e8cc22 done
#6 DONE 0.0s

#7 [internal] load build context
#7 transferring context: 1.15MB 0.2s done
#7 DONE 0.2s

#8 [builder 2/6] WORKDIR /app
#8 CACHED

#9 [builder 3/6] COPY package*.json ./
#9 CACHED

#10 [builder 4/6] RUN npm install
#10 CACHED

#11 [builder 5/6] COPY . .
#11 DONE 0.9s

#12 [builder 6/6] RUN npm run build
#12 0.226 
#12 0.226 > devops-portfolio@0.1.0 build
#12 0.226 > vite build
#12 0.226 
#12 0.417 vite v5.4.19 building for production...
#12 0.640 transforming...
#12 2.534 ✓ 1533 modules transformed.
#12 2.659 rendering chunks...
#12 2.665 computing gzip size...
#12 2.672 dist/index.html                   0.75 kB │ gzip:  0.41 kB
#12 2.672 dist/assets/index-CmLRPZBF.css   50.96 kB │ gzip:  7.43 kB
#12 2.672 dist/assets/index-_bjzJwaL.js   263.68 kB │ gzip: 81.95 kB
#12 2.672 ✓ built in 2.23s
#12 DONE 2.7s

#13 [stage-1 2/3] COPY --from=builder /app/dist /usr/share/nginx/html
#13 CACHED

#14 [stage-1 3/3] COPY nginx.conf /etc/nginx/conf.d/default.conf
#14 CACHED

#15 exporting to image
#15 exporting layers done
#15 writing image sha256:a993e34abb8b3ab8e917d4eb06e80dc7c2326fb134ad59c7c2f0104643ce6616 done
#15 naming to docker.io/library/portfolio:69daf0e done
#15 naming to docker.io/library/portfolio:latest done
#15 DONE 0.0s

 [33m1 warning found (use docker --debug to expand):
[0m - FromAsCasing: 'as' and 'FROM' keywords' casing do not match (line 1)
-----Building backend image (69daf0e)...-----
#0 building with "default" instance using docker driver

#1 [internal] load build definition from Dockerfile
#1 transferring dockerfile: 272B done
#1 DONE 0.0s

#2 [internal] load metadata for docker.io/library/python:3.13-slim
#2 DONE 2.3s

#3 [internal] load .dockerignore
#3 transferring context: 2B done
#3 DONE 0.0s

#4 [1/7] FROM docker.io/library/python:3.13-slim@sha256:6544e0e002b40ae0f59bc3618b07c1e48064c4faed3a15ae2fbd2e8f663e8283
#4 DONE 0.0s

#5 [internal] load build context
#5 transferring context: 197B done
#5 DONE 0.0s

#6 [6/7] COPY app.py .
#6 CACHED

#7 [4/7] RUN pip install --no-cache-dir -r requirements.txt
#7 CACHED

#8 [5/7] RUN pip install gunicorn
#8 CACHED

#9 [2/7] WORKDIR /app
#9 CACHED

#10 [3/7] COPY requirements.txt ./
#10 CACHED

#11 [7/7] COPY data ./data
#11 CACHED

#12 exporting to image
#12 exporting layers done
#12 writing image sha256:d1c7ae4b428f25f31f4b89ffec00791b3a3eded0bc1d21a6185bc5c2d342292a done
#12 naming to docker.io/library/backend:69daf0e done
#12 naming to docker.io/library/backend:latest done
#12 DONE 0.0s
-----Stopping any existing containers...-----
Stopping frontend container on port 7000
a19b637f8223
a19b637f8223
Stopping backend container on port 7001
9e68f3e06377
9e68f3e06377
-----Starting new frontend container on port 7000-----
241482728f906bde3fa94d972c1b78b290036735a6767ee590aeff273c65d593
-----Starting new backend container on port 7001-----
aba2c4629fc9157fc40a74f3569a15a719d18e6e9348744c7ff00e5a011cc828
-----Cleaning up old images-----
Tags to remove for portfolio: 69daf0e
Processing tag: 69daf0e
Removing containers for portfolio:69daf0e
241482728f90
Untagged: portfolio:69daf0e
No old images to clean up for backend
-----Current images:-----
REPOSITORY   TAG       IMAGE ID       CREATED        SIZE
portfolio    7e5b081   a993e34abb8b   17 hours ago   52.8MB
portfolio    90a5119   a993e34abb8b   17 hours ago   52.8MB
portfolio    a702880   a993e34abb8b   17 hours ago   52.8MB
portfolio    latest    a993e34abb8b   17 hours ago   52.8MB
REPOSITORY   TAG       IMAGE ID       CREATED          SIZE
backend      90a5119   226519b0cfd1   44 minutes ago   135MB
backend      69daf0e   d1c7ae4b428f   44 minutes ago   135MB
backend      latest    d1c7ae4b428f   44 minutes ago   135MB
backend      a702880   4aada10d403d   44 minutes ago   135MB
Deployment complete!
Frontend (portfolio:69daf0e) running on port 7000
Backend (backend:69daf0e) running on port 7001
HEAD is now at 4f99448 further changes
-----Building frontend image (4f99448)...-----
#0 building with "default" instance using docker driver

#1 [internal] load build definition from Dockerfile
#1 DONE 0.0s

#1 [internal] load build definition from Dockerfile
#1 transferring dockerfile: 313B done
#1 WARN: FromAsCasing: 'as' and 'FROM' keywords' casing do not match (line 1)
#1 DONE 0.0s

#2 [internal] load metadata for docker.io/library/node:20-alpine
#2 ...

#3 [internal] load metadata for docker.io/library/nginx:alpine
#3 DONE 1.0s

#2 [internal] load metadata for docker.io/library/node:20-alpine
#2 DONE 1.0s

#4 [internal] load .dockerignore
#4 transferring context: 2B done
#4 DONE 0.0s

#5 [builder 1/6] FROM docker.io/library/node:20-alpine@sha256:df02558528d3d3d0d621f112e232611aecfee7cbc654f6b375765f72bb262799
#5 DONE 0.0s

#6 [stage-1 1/3] FROM docker.io/library/nginx:alpine@sha256:f741b7f2e82ec8e3daa163b089d48ec163ad0b015d859a1e4f0f2a6202e8cc22
#6 resolve docker.io/library/nginx:alpine@sha256:f741b7f2e82ec8e3daa163b089d48ec163ad0b015d859a1e4f0f2a6202e8cc22 done
#6 DONE 0.0s

#7 [internal] load build context
#7 transferring context: 1.16MB 0.2s done
#7 DONE 0.2s

#8 [builder 2/6] WORKDIR /app
#8 CACHED

#9 [builder 3/6] COPY package*.json ./
#9 CACHED

#10 [builder 4/6] RUN npm install
#10 CACHED

#11 [builder 5/6] COPY . .
#11 DONE 0.9s

#12 [builder 6/6] RUN npm run build
#12 0.235 
#12 0.235 > devops-portfolio@0.1.0 build
#12 0.235 > vite build
#12 0.235 
#12 0.414 vite v5.4.19 building for production...
#12 0.461 transforming...
#12 2.557 ✓ 1533 modules transformed.
#12 2.681 rendering chunks...
#12 2.687 computing gzip size...
#12 2.695 dist/index.html                   0.75 kB │ gzip:  0.41 kB
#12 2.695 dist/assets/index-CmLRPZBF.css   50.96 kB │ gzip:  7.43 kB
#12 2.695 dist/assets/index-_bjzJwaL.js   263.68 kB │ gzip: 81.95 kB
#12 2.695 ✓ built in 2.26s
#12 DONE 2.7s

#13 [stage-1 2/3] COPY --from=builder /app/dist /usr/share/nginx/html
#13 CACHED

#14 [stage-1 3/3] COPY nginx.conf /etc/nginx/conf.d/default.conf
#14 CACHED

#15 exporting to image
#15 exporting layers done
#15 writing image sha256:a993e34abb8b3ab8e917d4eb06e80dc7c2326fb134ad59c7c2f0104643ce6616 done
#15 naming to docker.io/library/portfolio:4f99448 done
#15 naming to docker.io/library/portfolio:latest done
#15 DONE 0.0s

 [33m1 warning found (use docker --debug to expand):
[0m - FromAsCasing: 'as' and 'FROM' keywords' casing do not match (line 1)
-----Building backend image (4f99448)...-----
#0 building with "default" instance using docker driver

#1 [internal] load build definition from Dockerfile
#1 transferring dockerfile: 271B done
#1 DONE 0.0s

#2 [internal] load metadata for docker.io/library/python:3.13-slim
#2 DONE 0.9s

#3 [internal] load .dockerignore
#3 transferring context: 2B done
#3 DONE 0.0s

#4 [1/7] FROM docker.io/library/python:3.13-slim@sha256:6544e0e002b40ae0f59bc3618b07c1e48064c4faed3a15ae2fbd2e8f663e8283
#4 DONE 0.0s

#5 [internal] load build context
#5 transferring context: 197B done
#5 DONE 0.0s

#6 [2/7] WORKDIR /app
#6 CACHED

#7 [3/7] COPY requirements.txt ./
#7 CACHED

#8 [4/7] RUN pip install --no-cache-dir -r requirements.txt
#8 CACHED

#9 [5/7] RUN pip install gunicorn
#9 CACHED

#10 [6/7] COPY app.py .
#10 CACHED

#11 [7/7] COPY data ./data
#11 CACHED

#12 exporting to image
#12 exporting layers done
#12 writing image sha256:d1c7ae4b428f25f31f4b89ffec00791b3a3eded0bc1d21a6185bc5c2d342292a done
#12 naming to docker.io/library/backend:4f99448 done
#12 naming to docker.io/library/backend:latest done
#12 DONE 0.0s
-----Stopping any existing containers...-----
Stopping backend container on port 7001
aba2c4629fc9
aba2c4629fc9
-----Starting new frontend container on port 7000-----
2bd7bcffd85de0022a7ceadc4d071b0a923c79cf5c9184e6889299f2da8c6140
-----Starting new backend container on port 7001-----
78e7bf72f0cf1eae019e244a6c205a65f9613c9a920b8fcc467286ca74ff1b0d
-----Cleaning up old images-----
Tags to remove for portfolio: 4f99448
Processing tag: 4f99448
Removing containers for portfolio:4f99448
2bd7bcffd85d
Untagged: portfolio:4f99448
Tags to remove for backend: 4f99448
Processing tag: 4f99448
Removing containers for backend:4f99448
78e7bf72f0cf
Untagged: backend:4f99448
-----Current images:-----
REPOSITORY   TAG       IMAGE ID       CREATED        SIZE
portfolio    7e5b081   a993e34abb8b   17 hours ago   52.8MB
portfolio    90a5119   a993e34abb8b   17 hours ago   52.8MB
portfolio    a702880   a993e34abb8b   17 hours ago   52.8MB
portfolio    latest    a993e34abb8b   17 hours ago   52.8MB
REPOSITORY   TAG       IMAGE ID       CREATED          SIZE
backend      90a5119   226519b0cfd1   46 minutes ago   135MB
backend      69daf0e   d1c7ae4b428f   46 minutes ago   135MB
backend      latest    d1c7ae4b428f   46 minutes ago   135MB
backend      a702880   4aada10d403d   46 minutes ago   135MB
Deployment complete!
Frontend (portfolio:4f99448) running on port 7000
Backend (backend:4f99448) running on port 7001
HEAD is now at 38cb2d4 Merge branch 'main' of https://github.com/yashaswi29/Portfolio
-----Building frontend image (38cb2d4)...-----
#0 building with "default" instance using docker driver

#1 [internal] load build definition from Dockerfile
#1 transferring dockerfile: 313B done
#1 WARN: FromAsCasing: 'as' and 'FROM' keywords' casing do not match (line 1)
#1 DONE 0.0s

#2 [internal] load metadata for docker.io/library/node:20-alpine
#2 ...

#3 [internal] load metadata for docker.io/library/nginx:alpine
#3 DONE 2.3s

#2 [internal] load metadata for docker.io/library/node:20-alpine
#2 DONE 3.0s

#4 [internal] load .dockerignore
#4 transferring context: 2B done
#4 DONE 0.0s

#5 [builder 1/6] FROM docker.io/library/node:20-alpine@sha256:df02558528d3d3d0d621f112e232611aecfee7cbc654f6b375765f72bb262799
#5 DONE 0.0s

#6 [stage-1 1/3] FROM docker.io/library/nginx:alpine@sha256:f741b7f2e82ec8e3daa163b089d48ec163ad0b015d859a1e4f0f2a6202e8cc22
#6 resolve docker.io/library/nginx:alpine@sha256:f741b7f2e82ec8e3daa163b089d48ec163ad0b015d859a1e4f0f2a6202e8cc22 done
#6 DONE 0.0s

#7 [internal] load build context
#7 transferring context: 140.88MB 1.0s done
#7 DONE 1.1s

#5 [builder 1/6] FROM docker.io/library/node:20-alpine@sha256:df02558528d3d3d0d621f112e232611aecfee7cbc654f6b375765f72bb262799
#5 resolve docker.io/library/node:20-alpine@sha256:df02558528d3d3d0d621f112e232611aecfee7cbc654f6b375765f72bb262799 done
#5 sha256:54225bd601967a0aa669ec9be621c24d8eeac874b698d55874018070898685c2 0B / 1.26MB 0.1s
#5 sha256:a9e48ad1219d4d11c6456a8db0fd5c11af46242d52edf84e17ab84a7bfd93809 0B / 445B 0.1s
#5 sha256:df02558528d3d3d0d621f112e232611aecfee7cbc654f6b375765f72bb262799 7.67kB / 7.67kB done
#5 sha256:ae6ee91a652d927de01d550c29f863a52f1da390c89df95f3ceba256d1e62604 1.72kB / 1.72kB done
#5 sha256:7cdef5a331927fafa250be6166052d8599bf5eb7b014342538c2cc79b70a081f 6.42kB / 6.42kB done
#5 sha256:8c59d92d6fc9f01af4aaa86824be72b74bd4d940c4c46aa95d9710bfa46c975e 0B / 42.99MB 0.1s
#5 sha256:a9e48ad1219d4d11c6456a8db0fd5c11af46242d52edf84e17ab84a7bfd93809 445B / 445B 0.4s done
#5 sha256:54225bd601967a0aa669ec9be621c24d8eeac874b698d55874018070898685c2 1.26MB / 1.26MB 1.1s done
#5 sha256:8c59d92d6fc9f01af4aaa86824be72b74bd4d940c4c46aa95d9710bfa46c975e 3.15MB / 42.99MB 1.1s
#5 sha256:8c59d92d6fc9f01af4aaa86824be72b74bd4d940c4c46aa95d9710bfa46c975e 6.29MB / 42.99MB 1.4s
#5 sha256:8c59d92d6fc9f01af4aaa86824be72b74bd4d940c4c46aa95d9710bfa46c975e 10.49MB / 42.99MB 1.7s
#5 sha256:8c59d92d6fc9f01af4aaa86824be72b74bd4d940c4c46aa95d9710bfa46c975e 14.68MB / 42.99MB 2.1s
#5 sha256:8c59d92d6fc9f01af4aaa86824be72b74bd4d940c4c46aa95d9710bfa46c975e 17.83MB / 42.99MB 2.4s
#5 sha256:8c59d92d6fc9f01af4aaa86824be72b74bd4d940c4c46aa95d9710bfa46c975e 22.02MB / 42.99MB 2.8s
#5 sha256:8c59d92d6fc9f01af4aaa86824be72b74bd4d940c4c46aa95d9710bfa46c975e 25.17MB / 42.99MB 3.0s
#5 sha256:8c59d92d6fc9f01af4aaa86824be72b74bd4d940c4c46aa95d9710bfa46c975e 29.36MB / 42.99MB 3.4s
#5 sha256:8c59d92d6fc9f01af4aaa86824be72b74bd4d940c4c46aa95d9710bfa46c975e 34.60MB / 42.99MB 3.8s
#5 sha256:8c59d92d6fc9f01af4aaa86824be72b74bd4d940c4c46aa95d9710bfa46c975e 37.75MB / 42.99MB 4.1s
#5 sha256:8c59d92d6fc9f01af4aaa86824be72b74bd4d940c4c46aa95d9710bfa46c975e 40.89MB / 42.99MB 4.4s
#5 sha256:8c59d92d6fc9f01af4aaa86824be72b74bd4d940c4c46aa95d9710bfa46c975e 42.99MB / 42.99MB 4.5s done
#5 extracting sha256:8c59d92d6fc9f01af4aaa86824be72b74bd4d940c4c46aa95d9710bfa46c975e 0.1s
#5 extracting sha256:8c59d92d6fc9f01af4aaa86824be72b74bd4d940c4c46aa95d9710bfa46c975e 0.7s done
#5 extracting sha256:54225bd601967a0aa669ec9be621c24d8eeac874b698d55874018070898685c2 0.0s done
#5 extracting sha256:a9e48ad1219d4d11c6456a8db0fd5c11af46242d52edf84e17ab84a7bfd93809
#5 extracting sha256:a9e48ad1219d4d11c6456a8db0fd5c11af46242d52edf84e17ab84a7bfd93809 done
#5 DONE 5.3s

#8 [builder 2/6] WORKDIR /app
#8 DONE 0.2s

#9 [builder 3/6] COPY package*.json ./
#9 DONE 0.0s

#10 [builder 4/6] RUN npm install
#10 4.301 
#10 4.301 added 290 packages, and audited 291 packages in 4s
#10 4.301 
#10 4.301 75 packages are looking for funding
#10 4.301   run `npm fund` for details
#10 4.308 
#10 4.308 3 vulnerabilities (1 low, 2 moderate)
#10 4.308 
#10 4.308 To address issues that do not require attention, run:
#10 4.308   npm audit fix
#10 4.308 
#10 4.308 To address all issues (including breaking changes), run:
#10 4.308   npm audit fix --force
#10 4.308 
#10 4.308 Run `npm audit` for details.
#10 4.309 npm notice
#10 4.309 npm notice New major version of npm available! 10.8.2 -> 11.4.2
#10 4.309 npm notice Changelog: https://github.com/npm/cli/releases/tag/v11.4.2
#10 4.309 npm notice To update run: npm install -g npm@11.4.2
#10 4.309 npm notice
#10 DONE 4.5s

#11 [builder 5/6] COPY . .
#11 DONE 1.2s

#12 [builder 6/6] RUN npm run build
#12 0.232 
#12 0.232 > devops-portfolio@0.1.0 build
#12 0.232 > vite build
#12 0.232 
#12 0.446 vite v5.4.19 building for production...
#12 0.492 transforming...
#12 2.576 ✓ 1533 modules transformed.
#12 2.702 rendering chunks...
#12 2.708 computing gzip size...
#12 2.716 dist/index.html                   0.75 kB │ gzip:  0.41 kB
#12 2.716 dist/assets/index-CmLRPZBF.css   50.96 kB │ gzip:  7.43 kB
#12 2.716 dist/assets/index-_bjzJwaL.js   263.68 kB │ gzip: 81.95 kB
#12 2.716 ✓ built in 2.25s
#12 DONE 2.7s

#13 [stage-1 2/3] COPY --from=builder /app/dist /usr/share/nginx/html
#13 CACHED

#14 [stage-1 3/3] COPY nginx.conf /etc/nginx/conf.d/default.conf
#14 CACHED

#15 exporting to image
#15 exporting layers done
#15 writing image sha256:a993e34abb8b3ab8e917d4eb06e80dc7c2326fb134ad59c7c2f0104643ce6616 done
#15 naming to docker.io/library/portfolio:38cb2d4 done
#15 naming to docker.io/library/portfolio:latest done
#15 DONE 0.0s

 [33m1 warning found (use docker --debug to expand):
[0m - FromAsCasing: 'as' and 'FROM' keywords' casing do not match (line 1)
-----Building backend image (38cb2d4)...-----
#0 building with "default" instance using docker driver

#1 [internal] load build definition from Dockerfile
#1 DONE 0.0s

#1 [internal] load build definition from Dockerfile
#1 transferring dockerfile: 271B done
#1 DONE 0.0s

#2 [internal] load metadata for docker.io/library/python:3.13-slim
#2 DONE 1.9s

#3 [internal] load .dockerignore
#3 transferring context: 2B done
#3 DONE 0.0s

#4 [1/7] FROM docker.io/library/python:3.13-slim@sha256:6544e0e002b40ae0f59bc3618b07c1e48064c4faed3a15ae2fbd2e8f663e8283
#4 DONE 0.0s

#5 [internal] load build context
#5 transferring context: 6.57kB done
#5 DONE 0.0s

#6 [4/7] RUN pip install --no-cache-dir -r requirements.txt
#6 CACHED

#7 [5/7] RUN pip install gunicorn
#7 CACHED

#8 [2/7] WORKDIR /app
#8 CACHED

#9 [3/7] COPY requirements.txt ./
#9 CACHED

#10 [6/7] COPY app.py .
#10 CACHED

#11 [7/7] COPY data ./data
#11 CACHED

#12 exporting to image
#12 exporting layers done
#12 writing image sha256:d1c7ae4b428f25f31f4b89ffec00791b3a3eded0bc1d21a6185bc5c2d342292a done
#12 naming to docker.io/library/backend:38cb2d4 done
#12 naming to docker.io/library/backend:latest done
#12 DONE 0.0s
-----Stopping any existing containers...-----
Stopping frontend container on port 7000
594955e0c3cc
594955e0c3cc
Stopping backend container on port 7001
0a19df2bd093
0a19df2bd093
-----Starting new frontend container on port 7000-----
66bdf7967f801c347c20dc5182d6fbf2f63c9f8d0668225099215f6f753c866c
-----Starting new backend container on port 7001-----
b15a97715f1efaddb100fba98adeb8bfe3e324cf78aae1eea62e2c8b9578bec5
-----Cleaning up old images-----
Tags to remove for portfolio: 38cb2d4
Processing tag: 38cb2d4
Removing containers for portfolio:38cb2d4
66bdf7967f80
Untagged: portfolio:38cb2d4
Tags to remove for backend: 38cb2d4
Processing tag: 38cb2d4
Removing containers for backend:38cb2d4
b15a97715f1e
Untagged: backend:38cb2d4
-----Current images:-----
REPOSITORY   TAG       IMAGE ID       CREATED        SIZE
portfolio    90a5119   a993e34abb8b   17 hours ago   52.8MB
portfolio    a702880   a993e34abb8b   17 hours ago   52.8MB
portfolio    d1a6c8d   a993e34abb8b   17 hours ago   52.8MB
portfolio    latest    a993e34abb8b   17 hours ago   52.8MB
REPOSITORY   TAG       IMAGE ID       CREATED          SIZE
backend      a702880   4aada10d403d   54 minutes ago   135MB
backend      90a5119   226519b0cfd1   54 minutes ago   135MB
backend      d1a6c8d   d1c7ae4b428f   54 minutes ago   135MB
backend      latest    d1c7ae4b428f   54 minutes ago   135MB
Deployment complete!
Frontend (portfolio:38cb2d4) running on port 7000
Backend (backend:38cb2d4) running on port 7001
HEAD is now at 88309d5 updated fetch_deploy.sh
-----Building frontend image (88309d5)...-----
#0 building with "default" instance using docker driver

#1 [internal] load build definition from Dockerfile
#1 transferring dockerfile: 313B done
#1 WARN: FromAsCasing: 'as' and 'FROM' keywords' casing do not match (line 1)
#1 DONE 0.0s

#2 [internal] load metadata for docker.io/library/node:20-alpine
#2 DONE 1.9s

#3 [internal] load metadata for docker.io/library/nginx:alpine
#3 DONE 2.2s

#4 [internal] load .dockerignore
#4 transferring context: 2B done
#4 DONE 0.0s

#5 [builder 1/6] FROM docker.io/library/node:20-alpine@sha256:df02558528d3d3d0d621f112e232611aecfee7cbc654f6b375765f72bb262799
#5 DONE 0.0s

#6 [stage-1 1/3] FROM docker.io/library/nginx:alpine@sha256:f741b7f2e82ec8e3daa163b089d48ec163ad0b015d859a1e4f0f2a6202e8cc22
#6 resolve docker.io/library/nginx:alpine@sha256:f741b7f2e82ec8e3daa163b089d48ec163ad0b015d859a1e4f0f2a6202e8cc22 done
#6 DONE 0.0s

#7 [internal] load build context
#7 transferring context: 1.17MB 0.2s done
#7 DONE 0.2s

#8 [builder 2/6] WORKDIR /app
#8 CACHED

#9 [builder 3/6] COPY package*.json ./
#9 CACHED

#10 [builder 4/6] RUN npm install
#10 CACHED

#11 [builder 5/6] COPY . .
#11 DONE 1.0s

#12 [builder 6/6] RUN npm run build
#12 0.236 
#12 0.236 > devops-portfolio@0.1.0 build
#12 0.236 > vite build
#12 0.236 
#12 0.442 vite v5.4.19 building for production...
#12 0.491 transforming...
#12 2.657 ✓ 1533 modules transformed.
#12 2.782 rendering chunks...
#12 2.788 computing gzip size...
#12 2.795 dist/index.html                   0.75 kB │ gzip:  0.41 kB
#12 2.795 dist/assets/index-CmLRPZBF.css   50.96 kB │ gzip:  7.43 kB
#12 2.795 dist/assets/index-_bjzJwaL.js   263.68 kB │ gzip: 81.95 kB
#12 2.796 ✓ built in 2.33s
#12 DONE 2.8s

#13 [stage-1 2/3] COPY --from=builder /app/dist /usr/share/nginx/html
#13 CACHED

#14 [stage-1 3/3] COPY nginx.conf /etc/nginx/conf.d/default.conf
#14 CACHED

#15 exporting to image
#15 exporting layers done
#15 writing image sha256:a993e34abb8b3ab8e917d4eb06e80dc7c2326fb134ad59c7c2f0104643ce6616 done
#15 naming to docker.io/library/portfolio:88309d5 done
#15 naming to docker.io/library/portfolio:latest done
#15 DONE 0.0s

 [33m1 warning found (use docker --debug to expand):
[0m - FromAsCasing: 'as' and 'FROM' keywords' casing do not match (line 1)
-----Building backend image (88309d5)...-----
#0 building with "default" instance using docker driver

#1 [internal] load build definition from Dockerfile
#1 transferring dockerfile: 271B done
#1 DONE 0.0s

#2 [internal] load metadata for docker.io/library/python:3.13-slim
#2 DONE 1.8s

#3 [internal] load .dockerignore
#3 transferring context: 2B done
#3 DONE 0.0s

#4 [1/7] FROM docker.io/library/python:3.13-slim@sha256:6544e0e002b40ae0f59bc3618b07c1e48064c4faed3a15ae2fbd2e8f663e8283
#4 DONE 0.0s

#5 [internal] load build context
#5 transferring context: 197B done
#5 DONE 0.0s

#6 [2/7] WORKDIR /app
#6 CACHED

#7 [4/7] RUN pip install --no-cache-dir -r requirements.txt
#7 CACHED

#8 [3/7] COPY requirements.txt ./
#8 CACHED

#9 [5/7] RUN pip install gunicorn
#9 CACHED

#10 [6/7] COPY app.py .
#10 CACHED

#11 [7/7] COPY data ./data
#11 CACHED

#12 exporting to image
#12 exporting layers done
#12 writing image sha256:d1c7ae4b428f25f31f4b89ffec00791b3a3eded0bc1d21a6185bc5c2d342292a done
#12 naming to docker.io/library/backend:88309d5 done
#12 naming to docker.io/library/backend:latest done
#12 DONE 0.0s
-----Stopping any existing containers...-----
-----Starting new frontend container on port 7000-----
39f638cd3768c44f943c534d68316eaaf56bb1debf5e37e049125af00bb68684
-----Starting new backend container on port 7001-----
af40c2faa78d151d00677deb0f35433c190db187c96be2c5ecb883326096236d
-----Cleaning up old images-----
Tags to remove for portfolio: 88309d5
Processing tag: 88309d5
Removing containers for portfolio:88309d5
39f638cd3768
Untagged: portfolio:88309d5
Tags to remove for backend: 88309d5
Processing tag: 88309d5
Removing containers for backend:88309d5
af40c2faa78d
Untagged: backend:88309d5
-----Current images:-----
REPOSITORY   TAG       IMAGE ID       CREATED        SIZE
portfolio    90a5119   a993e34abb8b   17 hours ago   52.8MB
portfolio    a702880   a993e34abb8b   17 hours ago   52.8MB
portfolio    d1a6c8d   a993e34abb8b   17 hours ago   52.8MB
portfolio    latest    a993e34abb8b   17 hours ago   52.8MB
REPOSITORY   TAG       IMAGE ID       CREATED             SIZE
backend      a702880   4aada10d403d   About an hour ago   135MB
backend      90a5119   226519b0cfd1   About an hour ago   135MB
backend      d1a6c8d   d1c7ae4b428f   About an hour ago   135MB
backend      latest    d1c7ae4b428f   About an hour ago   135MB
Deployment complete!
Frontend (portfolio:88309d5) running on port 7000
Backend (backend:88309d5) running on port 7001
HEAD is now at 88309d5 updated fetch_deploy.sh
-----Building frontend image (88309d5)...-----
#0 building with "default" instance using docker driver

#1 [internal] load build definition from Dockerfile
#1 transferring dockerfile: 313B done
#1 WARN: FromAsCasing: 'as' and 'FROM' keywords' casing do not match (line 1)
#1 DONE 0.0s

#2 [internal] load metadata for docker.io/library/node:20-alpine
#2 DONE 2.1s

#3 [internal] load metadata for docker.io/library/nginx:alpine
#3 DONE 2.4s

#4 [internal] load .dockerignore
#4 transferring context: 2B done
#4 DONE 0.0s

#5 [builder 1/6] FROM docker.io/library/node:20-alpine@sha256:df02558528d3d3d0d621f112e232611aecfee7cbc654f6b375765f72bb262799
#5 DONE 0.0s

#6 [stage-1 1/3] FROM docker.io/library/nginx:alpine@sha256:f741b7f2e82ec8e3daa163b089d48ec163ad0b015d859a1e4f0f2a6202e8cc22
#6 resolve docker.io/library/nginx:alpine@sha256:f741b7f2e82ec8e3daa163b089d48ec163ad0b015d859a1e4f0f2a6202e8cc22 done
#6 DONE 0.0s

#7 [internal] load build context
#7 transferring context: 1.27MB 0.2s done
#7 DONE 0.2s

#8 [builder 3/6] COPY package*.json ./
#8 CACHED

#9 [builder 2/6] WORKDIR /app
#9 CACHED

#10 [builder 4/6] RUN npm install
#10 CACHED

#11 [builder 5/6] COPY . .
#11 DONE 0.9s

#12 [builder 6/6] RUN npm run build
#12 0.240 
#12 0.240 > devops-portfolio@0.1.0 build
#12 0.240 > vite build
#12 0.240 
#12 0.421 vite v5.4.19 building for production...
#12 0.645 transforming...
#12 2.594 ✓ 1533 modules transformed.
#12 2.716 rendering chunks...
#12 2.722 computing gzip size...
#12 2.730 dist/index.html                   0.75 kB │ gzip:  0.41 kB
#12 2.730 dist/assets/index-CmLRPZBF.css   50.96 kB │ gzip:  7.43 kB
#12 2.730 dist/assets/index-_bjzJwaL.js   263.68 kB │ gzip: 81.95 kB
#12 2.730 ✓ built in 2.29s
#12 DONE 2.8s

#13 [stage-1 2/3] COPY --from=builder /app/dist /usr/share/nginx/html
#13 CACHED

#14 [stage-1 3/3] COPY nginx.conf /etc/nginx/conf.d/default.conf
#14 CACHED

#15 exporting to image
#15 exporting layers done
#15 writing image sha256:a993e34abb8b3ab8e917d4eb06e80dc7c2326fb134ad59c7c2f0104643ce6616 done
#15 naming to docker.io/library/portfolio:88309d5 done
#15 naming to docker.io/library/portfolio:latest done
#15 DONE 0.0s

 [33m1 warning found (use docker --debug to expand):
[0m - FromAsCasing: 'as' and 'FROM' keywords' casing do not match (line 1)
-----Building backend image (88309d5)...-----
#0 building with "default" instance using docker driver

#1 [internal] load build definition from Dockerfile
#1 transferring dockerfile: 271B done
#1 DONE 0.0s

#2 [internal] load metadata for docker.io/library/python:3.13-slim
#2 DONE 2.3s

#3 [internal] load .dockerignore
#3 transferring context: 2B done
#3 DONE 0.0s

#4 [1/7] FROM docker.io/library/python:3.13-slim@sha256:6544e0e002b40ae0f59bc3618b07c1e48064c4faed3a15ae2fbd2e8f663e8283
#4 DONE 0.0s

#5 [internal] load build context
#5 transferring context: 197B done
#5 DONE 0.0s

#6 [5/7] RUN pip install gunicorn
#6 CACHED

#7 [2/7] WORKDIR /app
#7 CACHED

#8 [3/7] COPY requirements.txt ./
#8 CACHED

#9 [6/7] COPY app.py .
#9 CACHED

#10 [4/7] RUN pip install --no-cache-dir -r requirements.txt
#10 CACHED

#11 [7/7] COPY data ./data
#11 CACHED

#12 exporting to image
#12 exporting layers done
#12 writing image sha256:d1c7ae4b428f25f31f4b89ffec00791b3a3eded0bc1d21a6185bc5c2d342292a done
#12 naming to docker.io/library/backend:88309d5 done
#12 naming to docker.io/library/backend:latest done
#12 DONE 0.0s
-----Stopping any existing containers...-----
-----Starting new frontend container on port 7000-----
be6ffbc115e943037407f7becb3208ed3d3b5cf9c7e442b217956ab137540e59
-----Starting new backend container on port 7001-----
3c0cd978d3db4b159641b3f0851b1bdf9faa645f2578326a806250fa0740d71c
-----Cleaning up old images-----
No old images to clean up for portfolio
No old images to clean up for backend
-----Current images:-----
REPOSITORY   TAG       IMAGE ID       CREATED        SIZE
portfolio    88309d5   a993e34abb8b   28 hours ago   52.8MB
portfolio    90a5119   a993e34abb8b   28 hours ago   52.8MB
portfolio    a702880   a993e34abb8b   28 hours ago   52.8MB
portfolio    d1a6c8d   a993e34abb8b   28 hours ago   52.8MB
portfolio    latest    a993e34abb8b   28 hours ago   52.8MB
REPOSITORY   TAG       IMAGE ID       CREATED        SIZE
backend      a702880   4aada10d403d   12 hours ago   135MB
backend      90a5119   226519b0cfd1   12 hours ago   135MB
backend      88309d5   d1c7ae4b428f   12 hours ago   135MB
backend      d1a6c8d   d1c7ae4b428f   12 hours ago   135MB
backend      latest    d1c7ae4b428f   12 hours ago   135MB
Deployment complete!
Frontend (portfolio:88309d5) running on port 7000
Backend (backend:88309d5) running on port 7001
HEAD is now at bf204fa Merge branch 'main' of https://github.com/yashaswi29/Portfolio
-----Building frontend image (bf204fa)...-----
#0 building with "default" instance using docker driver

#1 [internal] load build definition from Dockerfile
#1 transferring dockerfile: 313B done
#1 WARN: FromAsCasing: 'as' and 'FROM' keywords' casing do not match (line 1)
#1 DONE 0.0s

#2 [internal] load metadata for docker.io/library/nginx:alpine
#2 ...

#3 [internal] load metadata for docker.io/library/node:20-alpine
#3 DONE 2.0s

#2 [internal] load metadata for docker.io/library/nginx:alpine
#2 DONE 2.4s

#4 [internal] load .dockerignore
#4 transferring context: 2B done
#4 DONE 0.0s

#5 [builder 1/6] FROM docker.io/library/node:20-alpine@sha256:df02558528d3d3d0d621f112e232611aecfee7cbc654f6b375765f72bb262799
#5 DONE 0.0s

#6 [stage-1 1/3] FROM docker.io/library/nginx:alpine@sha256:f741b7f2e82ec8e3daa163b089d48ec163ad0b015d859a1e4f0f2a6202e8cc22
#6 resolve docker.io/library/nginx:alpine@sha256:f741b7f2e82ec8e3daa163b089d48ec163ad0b015d859a1e4f0f2a6202e8cc22 done
#6 DONE 0.0s

#7 [internal] load build context
#7 transferring context: 1.24MB 0.2s done
#7 DONE 0.2s

#8 [builder 2/6] WORKDIR /app
#8 CACHED

#9 [builder 3/6] COPY package*.json ./
#9 CACHED

#10 [builder 4/6] RUN npm install
#10 CACHED

#11 [builder 5/6] COPY . .
#11 DONE 1.0s

#12 [builder 6/6] RUN npm run build
#12 0.238 
#12 0.238 > devops-portfolio@0.1.0 build
#12 0.238 > vite build
#12 0.238 
#12 0.439 vite v5.4.19 building for production...
#12 0.665 transforming...
#12 2.605 ✓ 1533 modules transformed.
#12 2.729 rendering chunks...
#12 2.735 computing gzip size...
#12 2.742 dist/index.html                   0.75 kB │ gzip:  0.41 kB
#12 2.742 dist/assets/index-Dmo7pxrF.css   51.51 kB │ gzip:  7.47 kB
#12 2.742 dist/assets/index-rujsN9qj.js   263.37 kB │ gzip: 81.88 kB
#12 2.742 ✓ built in 2.28s
#12 DONE 2.8s

#6 [stage-1 1/3] FROM docker.io/library/nginx:alpine@sha256:f741b7f2e82ec8e3daa163b089d48ec163ad0b015d859a1e4f0f2a6202e8cc22
#6 CACHED

#13 [stage-1 2/3] COPY --from=builder /app/dist /usr/share/nginx/html
#13 DONE 0.0s

#14 [stage-1 3/3] COPY nginx.conf /etc/nginx/conf.d/default.conf
#14 DONE 0.0s

#15 exporting to image
#15 exporting layers 0.0s done
#15 writing image sha256:9a60b7b1c206fd6c2d2935061a82fac4bd5355d4474d24b14a6b10c26e2777e2 done
#15 naming to docker.io/library/portfolio:bf204fa done
#15 naming to docker.io/library/portfolio:latest done
#15 DONE 0.0s

 [33m1 warning found (use docker --debug to expand):
[0m - FromAsCasing: 'as' and 'FROM' keywords' casing do not match (line 1)
-----Building backend image (bf204fa)...-----
#0 building with "default" instance using docker driver

#1 [internal] load build definition from Dockerfile
#1 transferring dockerfile: 2B done
#1 DONE 0.0s
ERROR: failed to build: failed to solve: failed to read dockerfile: open Dockerfile: no such file or directory
HEAD is now at 6881d71 mastering the script
-----Building frontend image (6881d71)...-----
#0 building with "default" instance using docker driver

#1 [internal] load build definition from Dockerfile
#1 transferring dockerfile: 313B done
#1 WARN: FromAsCasing: 'as' and 'FROM' keywords' casing do not match (line 1)
#1 DONE 0.0s

#2 [internal] load metadata for docker.io/library/node:20-alpine
#2 DONE 1.9s

#3 [internal] load metadata for docker.io/library/nginx:alpine
#3 DONE 2.0s

#4 [internal] load .dockerignore
#4 transferring context: 2B done
#4 DONE 0.0s

#5 [builder 1/6] FROM docker.io/library/node:20-alpine@sha256:df02558528d3d3d0d621f112e232611aecfee7cbc654f6b375765f72bb262799
#5 DONE 0.0s

#6 [stage-1 1/3] FROM docker.io/library/nginx:alpine@sha256:f741b7f2e82ec8e3daa163b089d48ec163ad0b015d859a1e4f0f2a6202e8cc22
#6 resolve docker.io/library/nginx:alpine@sha256:f741b7f2e82ec8e3daa163b089d48ec163ad0b015d859a1e4f0f2a6202e8cc22 done
#6 DONE 0.0s

#7 [internal] load build context
#7 transferring context: 1.25MB 0.2s done
#7 DONE 0.2s

#8 [builder 2/6] WORKDIR /app
#8 CACHED

#9 [builder 3/6] COPY package*.json ./
#9 CACHED

#10 [builder 4/6] RUN npm install
#10 CACHED

#11 [builder 5/6] COPY . .
#11 DONE 1.0s

#12 [builder 6/6] RUN npm run build
#12 0.245 
#12 0.245 > devops-portfolio@0.1.0 build
#12 0.245 > vite build
#12 0.245 
#12 0.434 vite v5.4.19 building for production...
#12 0.480 transforming...
#12 2.554 ✓ 1533 modules transformed.
#12 2.679 rendering chunks...
#12 2.685 computing gzip size...
#12 2.693 dist/index.html                   0.75 kB │ gzip:  0.41 kB
#12 2.693 dist/assets/index-CmLRPZBF.css   50.96 kB │ gzip:  7.43 kB
#12 2.693 dist/assets/index-_bjzJwaL.js   263.68 kB │ gzip: 81.95 kB
#12 2.693 ✓ built in 2.24s
#12 DONE 2.7s

#13 [stage-1 2/3] COPY --from=builder /app/dist /usr/share/nginx/html
#13 CACHED

#14 [stage-1 3/3] COPY nginx.conf /etc/nginx/conf.d/default.conf
#14 CACHED

#15 exporting to image
#15 exporting layers done
#15 writing image sha256:a993e34abb8b3ab8e917d4eb06e80dc7c2326fb134ad59c7c2f0104643ce6616 done
#15 naming to docker.io/library/portfolio:6881d71 done
#15 naming to docker.io/library/portfolio:latest done
#15 DONE 0.0s

 [33m1 warning found (use docker --debug to expand):
[0m - FromAsCasing: 'as' and 'FROM' keywords' casing do not match (line 1)
-----Building backend image (6881d71)...-----
#0 building with "default" instance using docker driver

#1 [internal] load build definition from Dockerfile
#1 DONE 0.0s

#1 [internal] load build definition from Dockerfile
#1 transferring dockerfile: 271B done
#1 DONE 0.0s

#2 [internal] load metadata for docker.io/library/python:3.13-slim
#2 DONE 2.0s

#3 [internal] load .dockerignore
#3 transferring context: 2B done
#3 DONE 0.0s

#4 [1/7] FROM docker.io/library/python:3.13-slim@sha256:6544e0e002b40ae0f59bc3618b07c1e48064c4faed3a15ae2fbd2e8f663e8283
#4 DONE 0.0s

#5 [internal] load build context
#5 transferring context: 6.57kB done
#5 DONE 0.0s

#6 [4/7] RUN pip install --no-cache-dir -r requirements.txt
#6 CACHED

#7 [6/7] COPY app.py .
#7 CACHED

#8 [5/7] RUN pip install gunicorn
#8 CACHED

#9 [2/7] WORKDIR /app
#9 CACHED

#10 [3/7] COPY requirements.txt ./
#10 CACHED

#11 [7/7] COPY data ./data
#11 CACHED

#12 exporting to image
#12 exporting layers done
#12 writing image sha256:d1c7ae4b428f25f31f4b89ffec00791b3a3eded0bc1d21a6185bc5c2d342292a done
#12 naming to docker.io/library/backend:6881d71 done
#12 naming to docker.io/library/backend:latest done
#12 DONE 0.0s
-----Stopping any existing containers...-----
Stopping frontend container on port 7000
e8d1d1e37d6e
e8d1d1e37d6e
Stopping backend container on port 7001
3c0cd978d3db
3c0cd978d3db
-----Starting new frontend container on port 7000-----
24df6430755254cd8a6fc37d9b41b8078faac0b19e2d6263205e69e1d78f7f08
-----Starting new backend container on port 7001-----
e6fa0129a098fd27726e398b0e6dd4a460b89df1c4d86fb47248db0c0597da61
-----Cleaning up old images-----
No old images to clean up for portfolio
Tags to remove for backend: 88309d5
Processing tag: 88309d5
Removing containers for backend:88309d5
e6fa0129a098
Untagged: backend:88309d5
-----Current images:-----
REPOSITORY   TAG       IMAGE ID       CREATED         SIZE
portfolio    bf204fa   9a60b7b1c206   6 minutes ago   52.8MB
portfolio    6881d71   a993e34abb8b   29 hours ago    52.8MB
portfolio    a702880   a993e34abb8b   29 hours ago    52.8MB
portfolio    d1a6c8d   a993e34abb8b   29 hours ago    52.8MB
portfolio    latest    a993e34abb8b   29 hours ago    52.8MB
REPOSITORY   TAG       IMAGE ID       CREATED        SIZE
backend      6881d71   d1c7ae4b428f   13 hours ago   135MB
backend      d1a6c8d   d1c7ae4b428f   13 hours ago   135MB
backend      latest    d1c7ae4b428f   13 hours ago   135MB
backend      a702880   4aada10d403d   13 hours ago   135MB
backend      90a5119   226519b0cfd1   13 hours ago   135MB
Deployment complete!
Frontend (portfolio:6881d71) running on port 7000
Backend (backend:6881d71) running on port 7001
fatal: unable to access 'https://github.com/yashaswi29/Portfolio.git/': Could not resolve host: github.com
fatal: unable to access 'https://github.com/yashaswi29/Portfolio.git/': Could not resolve host: github.com
fatal: unable to access 'https://github.com/yashaswi29/Portfolio.git/': Could not resolve host: github.com
fatal: unable to access 'https://github.com/yashaswi29/Portfolio.git/': Could not resolve host: github.com
fatal: unable to access 'https://github.com/yashaswi29/Portfolio.git/': Could not resolve host: github.com
fatal: unable to access 'https://github.com/yashaswi29/Portfolio.git/': Could not resolve host: github.com
fatal: unable to access 'https://github.com/yashaswi29/Portfolio.git/': Could not resolve host: github.com
fatal: unable to access 'https://github.com/yashaswi29/Portfolio.git/': Could not resolve host: github.com
fatal: unable to access 'https://github.com/yashaswi29/Portfolio.git/': Could not resolve host: github.com
fatal: unable to access 'https://github.com/yashaswi29/Portfolio.git/': Could not resolve host: github.com
fatal: unable to access 'https://github.com/yashaswi29/Portfolio.git/': Could not resolve host: github.com
fatal: unable to access 'https://github.com/yashaswi29/Portfolio.git/': Could not resolve host: github.com
fatal: unable to access 'https://github.com/yashaswi29/Portfolio.git/': Could not resolve host: github.com
fatal: unable to access 'https://github.com/yashaswi29/Portfolio.git/': Could not resolve host: github.com
fatal: unable to access 'https://github.com/yashaswi29/Portfolio.git/': Could not resolve host: github.com
fatal: unable to access 'https://github.com/yashaswi29/Portfolio.git/': Could not resolve host: github.com
fatal: unable to access 'https://github.com/yashaswi29/Portfolio.git/': Could not resolve host: github.com
fatal: unable to access 'https://github.com/yashaswi29/Portfolio.git/': Could not resolve host: github.com
fatal: unable to access 'https://github.com/yashaswi29/Portfolio.git/': Could not resolve host: github.com
fatal: unable to access 'https://github.com/yashaswi29/Portfolio.git/': Could not resolve host: github.com
fatal: unable to access 'https://github.com/yashaswi29/Portfolio.git/': Could not resolve host: github.com
fatal: unable to access 'https://github.com/yashaswi29/Portfolio.git/': Could not resolve host: github.com
fatal: unable to access 'https://github.com/yashaswi29/Portfolio.git/': Could not resolve host: github.com
fatal: unable to access 'https://github.com/yashaswi29/Portfolio.git/': Could not resolve host: github.com
fatal: unable to access 'https://github.com/yashaswi29/Portfolio.git/': Could not resolve host: github.com
fatal: unable to access 'https://github.com/yashaswi29/Portfolio.git/': Could not resolve host: github.com
fatal: unable to access 'https://github.com/yashaswi29/Portfolio.git/': Could not resolve host: github.com
fatal: unable to access 'https://github.com/yashaswi29/Portfolio.git/': Could not resolve host: github.com
fatal: unable to access 'https://github.com/yashaswi29/Portfolio.git/': Could not resolve host: github.com
fatal: unable to access 'https://github.com/yashaswi29/Portfolio.git/': Could not resolve host: github.com
fatal: unable to access 'https://github.com/yashaswi29/Portfolio.git/': Could not resolve host: github.com
fatal: unable to access 'https://github.com/yashaswi29/Portfolio.git/': Could not resolve host: github.com
fatal: unable to access 'https://github.com/yashaswi29/Portfolio.git/': Could not resolve host: github.com
fatal: unable to access 'https://github.com/yashaswi29/Portfolio.git/': Could not resolve host: github.com
fatal: unable to access 'https://github.com/yashaswi29/Portfolio.git/': Could not resolve host: github.com
fatal: unable to access 'https://github.com/yashaswi29/Portfolio.git/': Could not resolve host: github.com
fatal: unable to access 'https://github.com/yashaswi29/Portfolio.git/': Could not resolve host: github.com
fatal: unable to access 'https://github.com/yashaswi29/Portfolio.git/': Could not resolve host: github.com
fatal: unable to access 'https://github.com/yashaswi29/Portfolio.git/': Could not resolve host: github.com
fatal: unable to access 'https://github.com/yashaswi29/Portfolio.git/': Could not resolve host: github.com
fatal: unable to access 'https://github.com/yashaswi29/Portfolio.git/': Could not resolve host: github.com
fatal: unable to access 'https://github.com/yashaswi29/Portfolio.git/': Could not resolve host: github.com
fatal: unable to access 'https://github.com/yashaswi29/Portfolio.git/': Could not resolve host: github.com
fatal: unable to access 'https://github.com/yashaswi29/Portfolio.git/': Could not resolve host: github.com
fatal: unable to access 'https://github.com/yashaswi29/Portfolio.git/': Could not resolve host: github.com
fatal: unable to access 'https://github.com/yashaswi29/Portfolio.git/': Could not resolve host: github.com
fatal: unable to access 'https://github.com/yashaswi29/Portfolio.git/': Could not resolve host: github.com
fatal: unable to access 'https://github.com/yashaswi29/Portfolio.git/': Could not resolve host: github.com
fatal: unable to access 'https://github.com/yashaswi29/Portfolio.git/': Could not resolve host: github.com
fatal: unable to access 'https://github.com/yashaswi29/Portfolio.git/': Could not resolve host: github.com
fatal: unable to access 'https://github.com/yashaswi29/Portfolio.git/': Could not resolve host: github.com
fatal: unable to access 'https://github.com/yashaswi29/Portfolio.git/': Could not resolve host: github.com
fatal: unable to access 'https://github.com/yashaswi29/Portfolio.git/': Could not resolve host: github.com
fatal: unable to access 'https://github.com/yashaswi29/Portfolio.git/': Could not resolve host: github.com
fatal: unable to access 'https://github.com/yashaswi29/Portfolio.git/': Could not resolve host: github.com
fatal: unable to access 'https://github.com/yashaswi29/Portfolio.git/': Could not resolve host: github.com
fatal: unable to access 'https://github.com/yashaswi29/Portfolio.git/': Could not resolve host: github.com
fatal: unable to access 'https://github.com/yashaswi29/Portfolio.git/': Could not resolve host: github.com
fatal: unable to access 'https://github.com/yashaswi29/Portfolio.git/': Could not resolve host: github.com
fatal: unable to access 'https://github.com/yashaswi29/Portfolio.git/': Could not resolve host: github.com
fatal: unable to access 'https://github.com/yashaswi29/Portfolio.git/': Could not resolve host: github.com
fatal: unable to access 'https://github.com/yashaswi29/Portfolio.git/': Could not resolve host: github.com
fatal: unable to access 'https://github.com/yashaswi29/Portfolio.git/': Could not resolve host: github.com
fatal: unable to access 'https://github.com/yashaswi29/Portfolio.git/': Could not resolve host: github.com
fatal: unable to access 'https://github.com/yashaswi29/Portfolio.git/': Could not resolve host: github.com
fatal: unable to access 'https://github.com/yashaswi29/Portfolio.git/': Could not resolve host: github.com
fatal: unable to access 'https://github.com/yashaswi29/Portfolio.git/': Could not resolve host: github.com
fatal: unable to access 'https://github.com/yashaswi29/Portfolio.git/': Could not resolve host: github.com
fatal: unable to access 'https://github.com/yashaswi29/Portfolio.git/': Could not resolve host: github.com
fatal: unable to access 'https://github.com/yashaswi29/Portfolio.git/': Could not resolve host: github.com
fatal: unable to access 'https://github.com/yashaswi29/Portfolio.git/': Could not resolve host: github.com
fatal: unable to access 'https://github.com/yashaswi29/Portfolio.git/': Could not resolve host: github.com
fatal: unable to access 'https://github.com/yashaswi29/Portfolio.git/': Could not resolve host: github.com
fatal: unable to access 'https://github.com/yashaswi29/Portfolio.git/': Could not resolve host: github.com
fatal: unable to access 'https://github.com/yashaswi29/Portfolio.git/': Could not resolve host: github.com
fatal: unable to access 'https://github.com/yashaswi29/Portfolio.git/': Could not resolve host: github.com
fatal: unable to access 'https://github.com/yashaswi29/Portfolio.git/': Could not resolve host: github.com
fatal: unable to access 'https://github.com/yashaswi29/Portfolio.git/': Could not resolve host: github.com
fatal: unable to access 'https://github.com/yashaswi29/Portfolio.git/': Could not resolve host: github.com
fatal: unable to access 'https://github.com/yashaswi29/Portfolio.git/': Could not resolve host: github.com
fatal: unable to access 'https://github.com/yashaswi29/Portfolio.git/': Could not resolve host: github.com
fatal: unable to access 'https://github.com/yashaswi29/Portfolio.git/': Could not resolve host: github.com
fatal: unable to access 'https://github.com/yashaswi29/Portfolio.git/': Could not resolve host: github.com
fatal: unable to access 'https://github.com/yashaswi29/Portfolio.git/': Could not resolve host: github.com
fatal: unable to access 'https://github.com/yashaswi29/Portfolio.git/': Could not resolve host: github.com
fatal: unable to access 'https://github.com/yashaswi29/Portfolio.git/': Could not resolve host: github.com
fatal: unable to access 'https://github.com/yashaswi29/Portfolio.git/': Could not resolve host: github.com
fatal: unable to access 'https://github.com/yashaswi29/Portfolio.git/': Could not resolve host: github.com
fatal: unable to access 'https://github.com/yashaswi29/Portfolio.git/': Could not resolve host: github.com
fatal: unable to access 'https://github.com/yashaswi29/Portfolio.git/': Could not resolve host: github.com
fatal: unable to access 'https://github.com/yashaswi29/Portfolio.git/': Could not resolve host: github.com
fatal: unable to access 'https://github.com/yashaswi29/Portfolio.git/': Could not resolve host: github.com
fatal: unable to access 'https://github.com/yashaswi29/Portfolio.git/': Could not resolve host: github.com
fatal: unable to access 'https://github.com/yashaswi29/Portfolio.git/': Could not resolve host: github.com
fatal: unable to access 'https://github.com/yashaswi29/Portfolio.git/': Could not resolve host: github.com
fatal: unable to access 'https://github.com/yashaswi29/Portfolio.git/': Could not resolve host: github.com
fatal: unable to access 'https://github.com/yashaswi29/Portfolio.git/': Could not resolve host: github.com
fatal: unable to access 'https://github.com/yashaswi29/Portfolio.git/': Could not resolve host: github.com
fatal: unable to access 'https://github.com/yashaswi29/Portfolio.git/': Could not resolve host: github.com
fatal: unable to access 'https://github.com/yashaswi29/Portfolio.git/': Could not resolve host: github.com
fatal: unable to access 'https://github.com/yashaswi29/Portfolio.git/': Could not resolve host: github.com
fatal: unable to access 'https://github.com/yashaswi29/Portfolio.git/': Could not resolve host: github.com
fatal: unable to access 'https://github.com/yashaswi29/Portfolio.git/': Could not resolve host: github.com
fatal: unable to access 'https://github.com/yashaswi29/Portfolio.git/': Could not resolve host: github.com
fatal: unable to access 'https://github.com/yashaswi29/Portfolio.git/': Could not resolve host: github.com
fatal: unable to access 'https://github.com/yashaswi29/Portfolio.git/': Could not resolve host: github.com
fatal: unable to access 'https://github.com/yashaswi29/Portfolio.git/': Could not resolve host: github.com
fatal: unable to access 'https://github.com/yashaswi29/Portfolio.git/': Could not resolve host: github.com
fatal: unable to access 'https://github.com/yashaswi29/Portfolio.git/': Could not resolve host: github.com
fatal: unable to access 'https://github.com/yashaswi29/Portfolio.git/': Could not resolve host: github.com
fatal: unable to access 'https://github.com/yashaswi29/Portfolio.git/': Could not resolve host: github.com
fatal: unable to access 'https://github.com/yashaswi29/Portfolio.git/': Could not resolve host: github.com
fatal: unable to access 'https://github.com/yashaswi29/Portfolio.git/': Could not resolve host: github.com
fatal: unable to access 'https://github.com/yashaswi29/Portfolio.git/': Could not resolve host: github.com
fatal: unable to access 'https://github.com/yashaswi29/Portfolio.git/': Could not resolve host: github.com
fatal: unable to access 'https://github.com/yashaswi29/Portfolio.git/': Could not resolve host: github.com
fatal: unable to access 'https://github.com/yashaswi29/Portfolio.git/': Could not resolve host: github.com
fatal: unable to access 'https://github.com/yashaswi29/Portfolio.git/': Could not resolve host: github.com
fatal: unable to access 'https://github.com/yashaswi29/Portfolio.git/': Could not resolve host: github.com
fatal: unable to access 'https://github.com/yashaswi29/Portfolio.git/': Could not resolve host: github.com
fatal: unable to access 'https://github.com/yashaswi29/Portfolio.git/': Could not resolve host: github.com
fatal: unable to access 'https://github.com/yashaswi29/Portfolio.git/': Could not resolve host: github.com
fatal: unable to access 'https://github.com/yashaswi29/Portfolio.git/': Could not resolve host: github.com
fatal: unable to access 'https://github.com/yashaswi29/Portfolio.git/': Could not resolve host: github.com
fatal: unable to access 'https://github.com/yashaswi29/Portfolio.git/': Could not resolve host: github.com
fatal: unable to access 'https://github.com/yashaswi29/Portfolio.git/': Could not resolve host: github.com
fatal: unable to access 'https://github.com/yashaswi29/Portfolio.git/': Could not resolve host: github.com
fatal: unable to access 'https://github.com/yashaswi29/Portfolio.git/': Could not resolve host: github.com
fatal: unable to access 'https://github.com/yashaswi29/Portfolio.git/': Could not resolve host: github.com
fatal: unable to access 'https://github.com/yashaswi29/Portfolio.git/': Could not resolve host: github.com
fatal: unable to access 'https://github.com/yashaswi29/Portfolio.git/': Could not resolve host: github.com
fatal: unable to access 'https://github.com/yashaswi29/Portfolio.git/': Could not resolve host: github.com
fatal: unable to access 'https://github.com/yashaswi29/Portfolio.git/': Could not resolve host: github.com
fatal: unable to access 'https://github.com/yashaswi29/Portfolio.git/': Could not resolve host: github.com
fatal: unable to access 'https://github.com/yashaswi29/Portfolio.git/': Could not resolve host: github.com
fatal: unable to access 'https://github.com/yashaswi29/Portfolio.git/': Could not resolve host: github.com
fatal: unable to access 'https://github.com/yashaswi29/Portfolio.git/': Could not resolve host: github.com
fatal: unable to access 'https://github.com/yashaswi29/Portfolio.git/': Could not resolve host: github.com
fatal: unable to access 'https://github.com/yashaswi29/Portfolio.git/': Could not resolve host: github.com
fatal: unable to access 'https://github.com/yashaswi29/Portfolio.git/': Could not resolve host: github.com
fatal: unable to access 'https://github.com/yashaswi29/Portfolio.git/': Could not resolve host: github.com
fatal: unable to access 'https://github.com/yashaswi29/Portfolio.git/': Could not resolve host: github.com
fatal: unable to access 'https://github.com/yashaswi29/Portfolio.git/': Could not resolve host: github.com
fatal: unable to access 'https://github.com/yashaswi29/Portfolio.git/': Could not resolve host: github.com
fatal: unable to access 'https://github.com/yashaswi29/Portfolio.git/': Could not resolve host: github.com
fatal: unable to access 'https://github.com/yashaswi29/Portfolio.git/': Could not resolve host: github.com
fatal: unable to access 'https://github.com/yashaswi29/Portfolio.git/': Could not resolve host: github.com
fatal: unable to access 'https://github.com/yashaswi29/Portfolio.git/': Could not resolve host: github.com
fatal: unable to access 'https://github.com/yashaswi29/Portfolio.git/': Could not resolve host: github.com
fatal: unable to access 'https://github.com/yashaswi29/Portfolio.git/': Could not resolve host: github.com
fatal: unable to access 'https://github.com/yashaswi29/Portfolio.git/': Could not resolve host: github.com
fatal: unable to access 'https://github.com/yashaswi29/Portfolio.git/': Could not resolve host: github.com
fatal: unable to access 'https://github.com/yashaswi29/Portfolio.git/': Could not resolve host: github.com
fatal: unable to access 'https://github.com/yashaswi29/Portfolio.git/': Could not resolve host: github.com
fatal: unable to access 'https://github.com/yashaswi29/Portfolio.git/': Could not resolve host: github.com
fatal: unable to access 'https://github.com/yashaswi29/Portfolio.git/': Could not resolve host: github.com
fatal: unable to access 'https://github.com/yashaswi29/Portfolio.git/': Could not resolve host: github.com
fatal: unable to access 'https://github.com/yashaswi29/Portfolio.git/': Could not resolve host: github.com
fatal: unable to access 'https://github.com/yashaswi29/Portfolio.git/': Could not resolve host: github.com
fatal: unable to access 'https://github.com/yashaswi29/Portfolio.git/': Could not resolve host: github.com
fatal: unable to access 'https://github.com/yashaswi29/Portfolio.git/': Could not resolve host: github.com
fatal: unable to access 'https://github.com/yashaswi29/Portfolio.git/': Could not resolve host: github.com
fatal: unable to access 'https://github.com/yashaswi29/Portfolio.git/': Could not resolve host: github.com
fatal: unable to access 'https://github.com/yashaswi29/Portfolio.git/': Could not resolve host: github.com
fatal: unable to access 'https://github.com/yashaswi29/Portfolio.git/': Could not resolve host: github.com
fatal: unable to access 'https://github.com/yashaswi29/Portfolio.git/': Could not resolve host: github.com
fatal: unable to access 'https://github.com/yashaswi29/Portfolio.git/': Could not resolve host: github.com
fatal: unable to access 'https://github.com/yashaswi29/Portfolio.git/': Could not resolve host: github.com
fatal: unable to access 'https://github.com/yashaswi29/Portfolio.git/': Could not resolve host: github.com
fatal: unable to access 'https://github.com/yashaswi29/Portfolio.git/': Could not resolve host: github.com
fatal: unable to access 'https://github.com/yashaswi29/Portfolio.git/': Could not resolve host: github.com
fatal: unable to access 'https://github.com/yashaswi29/Portfolio.git/': Could not resolve host: github.com
fatal: unable to access 'https://github.com/yashaswi29/Portfolio.git/': Could not resolve host: github.com
fatal: unable to access 'https://github.com/yashaswi29/Portfolio.git/': Could not resolve host: github.com
fatal: unable to access 'https://github.com/yashaswi29/Portfolio.git/': Could not resolve host: github.com
fatal: unable to access 'https://github.com/yashaswi29/Portfolio.git/': Could not resolve host: github.com
fatal: unable to access 'https://github.com/yashaswi29/Portfolio.git/': Could not resolve host: github.com
fatal: unable to access 'https://github.com/yashaswi29/Portfolio.git/': Could not resolve host: github.com
fatal: unable to access 'https://github.com/yashaswi29/Portfolio.git/': Could not resolve host: github.com
fatal: unable to access 'https://github.com/yashaswi29/Portfolio.git/': Could not resolve host: github.com
fatal: unable to access 'https://github.com/yashaswi29/Portfolio.git/': Could not resolve host: github.com
fatal: unable to access 'https://github.com/yashaswi29/Portfolio.git/': Could not resolve host: github.com
fatal: unable to access 'https://github.com/yashaswi29/Portfolio.git/': Could not resolve host: github.com
fatal: unable to access 'https://github.com/yashaswi29/Portfolio.git/': Could not resolve host: github.com
fatal: unable to access 'https://github.com/yashaswi29/Portfolio.git/': Could not resolve host: github.com
fatal: unable to access 'https://github.com/yashaswi29/Portfolio.git/': Could not resolve host: github.com
fatal: unable to access 'https://github.com/yashaswi29/Portfolio.git/': Could not resolve host: github.com
fatal: unable to access 'https://github.com/yashaswi29/Portfolio.git/': Could not resolve host: github.com
fatal: unable to access 'https://github.com/yashaswi29/Portfolio.git/': Could not resolve host: github.com
fatal: unable to access 'https://github.com/yashaswi29/Portfolio.git/': Could not resolve host: github.com
fatal: unable to access 'https://github.com/yashaswi29/Portfolio.git/': Could not resolve host: github.com
fatal: unable to access 'https://github.com/yashaswi29/Portfolio.git/': Could not resolve host: github.com
fatal: unable to access 'https://github.com/yashaswi29/Portfolio.git/': Could not resolve host: github.com
fatal: unable to access 'https://github.com/yashaswi29/Portfolio.git/': Could not resolve host: github.com
fatal: unable to access 'https://github.com/yashaswi29/Portfolio.git/': Could not resolve host: github.com
fatal: unable to access 'https://github.com/yashaswi29/Portfolio.git/': Could not resolve host: github.com
fatal: unable to access 'https://github.com/yashaswi29/Portfolio.git/': Could not resolve host: github.com
fatal: unable to access 'https://github.com/yashaswi29/Portfolio.git/': Could not resolve host: github.com
fatal: unable to access 'https://github.com/yashaswi29/Portfolio.git/': Could not resolve host: github.com
fatal: unable to access 'https://github.com/yashaswi29/Portfolio.git/': Could not resolve host: github.com
fatal: unable to access 'https://github.com/yashaswi29/Portfolio.git/': Could not resolve host: github.com
fatal: unable to access 'https://github.com/yashaswi29/Portfolio.git/': Could not resolve host: github.com
fatal: unable to access 'https://github.com/yashaswi29/Portfolio.git/': Could not resolve host: github.com
fatal: unable to access 'https://github.com/yashaswi29/Portfolio.git/': Could not resolve host: github.com
fatal: unable to access 'https://github.com/yashaswi29/Portfolio.git/': Could not resolve host: github.com
fatal: unable to access 'https://github.com/yashaswi29/Portfolio.git/': Could not resolve host: github.com
fatal: unable to access 'https://github.com/yashaswi29/Portfolio.git/': Could not resolve host: github.com
fatal: unable to access 'https://github.com/yashaswi29/Portfolio.git/': Could not resolve host: github.com
fatal: unable to access 'https://github.com/yashaswi29/Portfolio.git/': Could not resolve host: github.com
fatal: unable to access 'https://github.com/yashaswi29/Portfolio.git/': Could not resolve host: github.com
fatal: unable to access 'https://github.com/yashaswi29/Portfolio.git/': Could not resolve host: github.com
fatal: unable to access 'https://github.com/yashaswi29/Portfolio.git/': Could not resolve host: github.com
fatal: unable to access 'https://github.com/yashaswi29/Portfolio.git/': Could not resolve host: github.com
fatal: unable to access 'https://github.com/yashaswi29/Portfolio.git/': Could not resolve host: github.com
fatal: unable to access 'https://github.com/yashaswi29/Portfolio.git/': Could not resolve host: github.com
fatal: unable to access 'https://github.com/yashaswi29/Portfolio.git/': Could not resolve host: github.com
fatal: unable to access 'https://github.com/yashaswi29/Portfolio.git/': Could not resolve host: github.com
fatal: unable to access 'https://github.com/yashaswi29/Portfolio.git/': Could not resolve host: github.com
fatal: unable to access 'https://github.com/yashaswi29/Portfolio.git/': Could not resolve host: github.com
fatal: unable to access 'https://github.com/yashaswi29/Portfolio.git/': Could not resolve host: github.com
fatal: unable to access 'https://github.com/yashaswi29/Portfolio.git/': Could not resolve host: github.com
fatal: unable to access 'https://github.com/yashaswi29/Portfolio.git/': Could not resolve host: github.com
fatal: unable to access 'https://github.com/yashaswi29/Portfolio.git/': Could not resolve host: github.com
fatal: unable to access 'https://github.com/yashaswi29/Portfolio.git/': Could not resolve host: github.com
fatal: unable to access 'https://github.com/yashaswi29/Portfolio.git/': Could not resolve host: github.com
fatal: unable to access 'https://github.com/yashaswi29/Portfolio.git/': Could not resolve host: github.com
fatal: unable to access 'https://github.com/yashaswi29/Portfolio.git/': Could not resolve host: github.com
fatal: unable to access 'https://github.com/yashaswi29/Portfolio.git/': Could not resolve host: github.com
fatal: unable to access 'https://github.com/yashaswi29/Portfolio.git/': Could not resolve host: github.com
fatal: unable to access 'https://github.com/yashaswi29/Portfolio.git/': Could not resolve host: github.com
fatal: unable to access 'https://github.com/yashaswi29/Portfolio.git/': Could not resolve host: github.com
fatal: unable to access 'https://github.com/yashaswi29/Portfolio.git/': Could not resolve host: github.com
fatal: unable to access 'https://github.com/yashaswi29/Portfolio.git/': Could not resolve host: github.com
fatal: unable to access 'https://github.com/yashaswi29/Portfolio.git/': Could not resolve host: github.com
fatal: unable to access 'https://github.com/yashaswi29/Portfolio.git/': Could not resolve host: github.com
fatal: unable to access 'https://github.com/yashaswi29/Portfolio.git/': Could not resolve host: github.com
fatal: unable to access 'https://github.com/yashaswi29/Portfolio.git/': Could not resolve host: github.com
fatal: unable to access 'https://github.com/yashaswi29/Portfolio.git/': Could not resolve host: github.com
fatal: unable to access 'https://github.com/yashaswi29/Portfolio.git/': Could not resolve host: github.com
fatal: unable to access 'https://github.com/yashaswi29/Portfolio.git/': Could not resolve host: github.com
fatal: unable to access 'https://github.com/yashaswi29/Portfolio.git/': Could not resolve host: github.com
fatal: unable to access 'https://github.com/yashaswi29/Portfolio.git/': Could not resolve host: github.com
fatal: unable to access 'https://github.com/yashaswi29/Portfolio.git/': Could not resolve host: github.com
fatal: unable to access 'https://github.com/yashaswi29/Portfolio.git/': Could not resolve host: github.com
fatal: unable to access 'https://github.com/yashaswi29/Portfolio.git/': Could not resolve host: github.com
fatal: unable to access 'https://github.com/yashaswi29/Portfolio.git/': Could not resolve host: github.com
fatal: unable to access 'https://github.com/yashaswi29/Portfolio.git/': Could not resolve host: github.com
fatal: unable to access 'https://github.com/yashaswi29/Portfolio.git/': Could not resolve host: github.com
fatal: unable to access 'https://github.com/yashaswi29/Portfolio.git/': Could not resolve host: github.com
fatal: unable to access 'https://github.com/yashaswi29/Portfolio.git/': Could not resolve host: github.com
fatal: unable to access 'https://github.com/yashaswi29/Portfolio.git/': Could not resolve host: github.com
fatal: unable to access 'https://github.com/yashaswi29/Portfolio.git/': Could not resolve host: github.com
fatal: unable to access 'https://github.com/yashaswi29/Portfolio.git/': Could not resolve host: github.com
fatal: unable to access 'https://github.com/yashaswi29/Portfolio.git/': Could not resolve host: github.com
fatal: unable to access 'https://github.com/yashaswi29/Portfolio.git/': Could not resolve host: github.com
fatal: unable to access 'https://github.com/yashaswi29/Portfolio.git/': Could not resolve host: github.com
                                                                                                           fatal: unable to access 'https://github.com/yashaswi29/Portfolio.git/': Could not resolve host: github.com
fatal: unable to access 'https://github.com/yashaswi29/Portfolio.git/': Could not resolve host: github.com
fatal: unable to access 'https://github.com/yashaswi29/Portfolio.git/': Could not resolve host: github.com
fatal: unable to access 'https://github.com/yashaswi29/Portfolio.git/': Could not resolve host: github.com
fatal: unable to access 'https://github.com/yashaswi29/Portfolio.git/': Could not resolve host: github.com
fatal: unable to access 'https://github.com/yashaswi29/Portfolio.git/': Could not resolve host: github.com
fatal: unable to access 'https://github.com/yashaswi29/Portfolio.git/': Could not resolve host: github.com
fatal: unable to access 'https://github.com/yashaswi29/Portfolio.git/': Could not resolve host: github.com
fatal: unable to access 'https://github.com/yashaswi29/Portfolio.git/': Could not resolve host: github.com
hint: Pulling without specifying how to reconcile divergent branches is
hint: discouraged. You can squelch this message by running one of the following
hint: commands sometime before your next pull:
hint: 
hint:   git config pull.rebase false  # merge (the default strategy)
hint:   git config pull.rebase true   # rebase
hint:   git config pull.ff only       # fast-forward only
hint: 
hint: You can replace "git config" with "git config --global" to set a default
hint: preference for all repositories. You can also pass --rebase, --no-rebase,
hint: or --ff-only on the command line to override the configured default per
hint: invocation.
From https://github.com/yashaswi29/Portfolio
 * branch            main       -> FETCH_HEAD
Already up to date.
HEAD is now at 854acda fix: ports
-----Building frontend image (854acda)...-----
#0 building with "default" instance using docker driver

#1 [internal] load build definition from Dockerfile
#1 transferring dockerfile: 313B done
#1 WARN: FromAsCasing: 'as' and 'FROM' keywords' casing do not match (line 1)
#1 DONE 0.0s

#2 [internal] load metadata for docker.io/library/node:20-alpine
#2 ...

#3 [internal] load metadata for docker.io/library/nginx:alpine
#3 ...

#2 [internal] load metadata for docker.io/library/node:20-alpine
#2 DONE 32.7s

#3 [internal] load metadata for docker.io/library/nginx:alpine
#3 DONE 33.0s

#4 [internal] load .dockerignore
#4 transferring context: 2B done
#4 DONE 0.0s

#5 [builder 1/6] FROM docker.io/library/node:20-alpine@sha256:df02558528d3d3d0d621f112e232611aecfee7cbc654f6b375765f72bb262799
#5 DONE 0.0s

#6 [stage-1 1/3] FROM docker.io/library/nginx:alpine@sha256:d67ea0d64d518b1bb04acde3b00f722ac3e9764b3209a9b0a98924ba35e4b779
#6 resolve docker.io/library/nginx:alpine@sha256:d67ea0d64d518b1bb04acde3b00f722ac3e9764b3209a9b0a98924ba35e4b779 done
#6 DONE 0.0s

#7 [internal] load build context
#7 transferring context: 1.21MB 0.3s done
#7 DONE 0.4s

#8 [builder 2/6] WORKDIR /app
#8 CACHED

#9 [builder 3/6] COPY package*.json ./
#9 CACHED

#10 [builder 4/6] RUN npm install
#10 CACHED

#11 [builder 5/6] COPY . .
#11 DONE 1.8s

#12 [builder 6/6] RUN npm run build
#12 0.560 
#12 0.560 > devops-portfolio@0.1.0 build
#12 0.560 > vite build
#12 0.560 
#12 0.749 vite v5.4.19 building for production...
#12 0.972 transforming...
#12 2.917 ✓ 1533 modules transformed.
#12 3.043 rendering chunks...
#12 3.050 computing gzip size...
#12 3.058 dist/index.html                   0.75 kB │ gzip:  0.41 kB
#12 3.058 dist/assets/index-CmLRPZBF.css   50.96 kB │ gzip:  7.43 kB
#12 3.058 dist/assets/index-_bjzJwaL.js   263.68 kB │ gzip: 81.95 kB
#12 3.058 ✓ built in 2.29s
#12 3.077 npm notice
#12 3.077 npm notice New major version of npm available! 10.8.2 -> 11.5.2
#12 3.077 npm notice Changelog: https://github.com/npm/cli/releases/tag/v11.5.2
#12 3.077 npm notice To update run: npm install -g npm@11.5.2
#12 3.077 npm notice
#12 DONE 3.1s

#13 [stage-1 2/3] COPY --from=builder /app/dist /usr/share/nginx/html
#13 CACHED

#14 [stage-1 3/3] COPY nginx.conf /etc/nginx/conf.d/default.conf
#14 CACHED

#15 exporting to image
#15 exporting layers done
#15 writing image sha256:a993e34abb8b3ab8e917d4eb06e80dc7c2326fb134ad59c7c2f0104643ce6616 done
#15 naming to docker.io/library/portfolio:854acda done
#15 naming to docker.io/library/portfolio:latest done
#15 DONE 0.0s

 [33m1 warning found (use docker --debug to expand):
[0m - FromAsCasing: 'as' and 'FROM' keywords' casing do not match (line 1)
-----Building backend image (854acda)...-----
#0 building with "default" instance using docker driver

#1 [internal] load build definition from Dockerfile
#1 transferring dockerfile: 271B done
#1 DONE 0.0s

#2 [internal] load metadata for docker.io/library/python:3.13-slim
#2 DONE 44.1s

#3 [internal] load .dockerignore
#3 transferring context: 2B done
#3 DONE 0.0s

#4 [internal] load build context
#4 transferring context: 197B done
#4 DONE 0.0s

#5 [1/7] FROM docker.io/library/python:3.13-slim@sha256:4c2cf9917bd1cbacc5e9b07320025bdb7cdf2df7b0ceaccb55e9dd7e30987419
#5 resolve docker.io/library/python:3.13-slim@sha256:4c2cf9917bd1cbacc5e9b07320025bdb7cdf2df7b0ceaccb55e9dd7e30987419 done
#5 sha256:799df5177ae295959cf5eb8486412f5107481f1e7c10f96adf4d438795fbcbc0 0B / 12.58MB 0.1s
#5 sha256:66cd357cf7a1518288e019f7c1ab383d267fa738ec8962e05a3dc84c614019b5 0B / 250B 0.1s
#5 sha256:4c2cf9917bd1cbacc5e9b07320025bdb7cdf2df7b0ceaccb55e9dd7e30987419 9.12kB / 9.12kB done
#5 sha256:a7cb177dc60dfa77b223192cd0d9e6ce1aac7cf9a569023d68e7c91b6371a718 1.75kB / 1.75kB done
#5 sha256:38e57556b63539e63344b97f802e7cbd85b70e2087ee703e360fcdfe337cbbb3 5.43kB / 5.43kB done
#5 sha256:19f81082f6f0f5682c46ad2fe5283898a3719396e2e8659b150a99de365e1e95 0B / 3.51MB 0.1s
#5 sha256:799df5177ae295959cf5eb8486412f5107481f1e7c10f96adf4d438795fbcbc0 0B / 12.58MB 5.2s
#5 sha256:66cd357cf7a1518288e019f7c1ab383d267fa738ec8962e05a3dc84c614019b5 0B / 250B 5.2s
#5 sha256:19f81082f6f0f5682c46ad2fe5283898a3719396e2e8659b150a99de365e1e95 0B / 3.51MB 5.2s
#5 sha256:799df5177ae295959cf5eb8486412f5107481f1e7c10f96adf4d438795fbcbc0 0B / 12.58MB 10.3s
#5 sha256:66cd357cf7a1518288e019f7c1ab383d267fa738ec8962e05a3dc84c614019b5 0B / 250B 10.3s
#5 sha256:19f81082f6f0f5682c46ad2fe5283898a3719396e2e8659b150a99de365e1e95 0B / 3.51MB 10.3s
#5 sha256:19f81082f6f0f5682c46ad2fe5283898a3719396e2e8659b150a99de365e1e95 1.05MB / 3.51MB 11.3s
#5 sha256:19f81082f6f0f5682c46ad2fe5283898a3719396e2e8659b150a99de365e1e95 2.10MB / 3.51MB 11.4s
#5 sha256:19f81082f6f0f5682c46ad2fe5283898a3719396e2e8659b150a99de365e1e95 3.51MB / 3.51MB 11.5s done
#5 extracting sha256:19f81082f6f0f5682c46ad2fe5283898a3719396e2e8659b150a99de365e1e95 0.1s done
#5 sha256:799df5177ae295959cf5eb8486412f5107481f1e7c10f96adf4d438795fbcbc0 1.05MB / 12.58MB 11.9s
#5 sha256:799df5177ae295959cf5eb8486412f5107481f1e7c10f96adf4d438795fbcbc0 2.10MB / 12.58MB 12.0s
#5 sha256:799df5177ae295959cf5eb8486412f5107481f1e7c10f96adf4d438795fbcbc0 4.19MB / 12.58MB 12.2s
#5 sha256:799df5177ae295959cf5eb8486412f5107481f1e7c10f96adf4d438795fbcbc0 7.34MB / 12.58MB 12.4s
#5 sha256:799df5177ae295959cf5eb8486412f5107481f1e7c10f96adf4d438795fbcbc0 9.44MB / 12.58MB 12.6s
#5 sha256:799df5177ae295959cf5eb8486412f5107481f1e7c10f96adf4d438795fbcbc0 11.53MB / 12.58MB 12.8s
#5 sha256:799df5177ae295959cf5eb8486412f5107481f1e7c10f96adf4d438795fbcbc0 12.58MB / 12.58MB 12.8s done
#5 extracting sha256:799df5177ae295959cf5eb8486412f5107481f1e7c10f96adf4d438795fbcbc0 0.1s
#5 extracting sha256:799df5177ae295959cf5eb8486412f5107481f1e7c10f96adf4d438795fbcbc0 0.3s done
#5 sha256:66cd357cf7a1518288e019f7c1ab383d267fa738ec8962e05a3dc84c614019b5 0B / 250B 15.3s
#5 sha256:66cd357cf7a1518288e019f7c1ab383d267fa738ec8962e05a3dc84c614019b5 0B / 250B 20.4s
#5 sha256:66cd357cf7a1518288e019f7c1ab383d267fa738ec8962e05a3dc84c614019b5 250B / 250B 21.0s done
#5 extracting sha256:66cd357cf7a1518288e019f7c1ab383d267fa738ec8962e05a3dc84c614019b5 done
#5 DONE 21.0s

#6 [2/7] WORKDIR /app
#6 DONE 0.1s

#7 [3/7] COPY requirements.txt ./
#7 DONE 0.0s

#8 [4/7] RUN pip install --no-cache-dir -r requirements.txt
#8 1.461 Collecting Flask==2.3.3 (from -r requirements.txt (line 1))
#8 1.514   Downloading flask-2.3.3-py3-none-any.whl.metadata (3.6 kB)
#8 1.563 Collecting flask-cors==4.0.0 (from -r requirements.txt (line 2))
#8 1.570   Downloading Flask_Cors-4.0.0-py2.py3-none-any.whl.metadata (5.4 kB)
#8 1.596 Collecting prometheus_client==0.20.0 (from -r requirements.txt (line 3))
#8 1.603   Downloading prometheus_client-0.20.0-py3-none-any.whl.metadata (1.8 kB)
#8 1.642 Collecting gunicorn==21.2.0 (from -r requirements.txt (line 4))
#8 1.651   Downloading gunicorn-21.2.0-py3-none-any.whl.metadata (4.1 kB)
#8 1.687 Collecting Werkzeug>=2.3.7 (from Flask==2.3.3->-r requirements.txt (line 1))
#8 1.693   Downloading werkzeug-3.1.3-py3-none-any.whl.metadata (3.7 kB)
#8 1.712 Collecting Jinja2>=3.1.2 (from Flask==2.3.3->-r requirements.txt (line 1))
#8 1.720   Downloading jinja2-3.1.6-py3-none-any.whl.metadata (2.9 kB)
#8 1.751 Collecting itsdangerous>=2.1.2 (from Flask==2.3.3->-r requirements.txt (line 1))
#8 1.759   Downloading itsdangerous-2.2.0-py3-none-any.whl.metadata (1.9 kB)
#8 1.775 Collecting click>=8.1.3 (from Flask==2.3.3->-r requirements.txt (line 1))
#8 1.784   Downloading click-8.2.1-py3-none-any.whl.metadata (2.5 kB)
#8 1.811 Collecting blinker>=1.6.2 (from Flask==2.3.3->-r requirements.txt (line 1))
#8 1.821   Downloading blinker-1.9.0-py3-none-any.whl.metadata (1.6 kB)
#8 1.853 Collecting packaging (from gunicorn==21.2.0->-r requirements.txt (line 4))
#8 1.859   Downloading packaging-25.0-py3-none-any.whl.metadata (3.3 kB)
#8 1.915 Collecting MarkupSafe>=2.0 (from Jinja2>=3.1.2->Flask==2.3.3->-r requirements.txt (line 1))
#8 1.923   Downloading MarkupSafe-3.0.2-cp313-cp313-manylinux_2_17_x86_64.manylinux2014_x86_64.whl.metadata (4.0 kB)
#8 1.940 Downloading flask-2.3.3-py3-none-any.whl (96 kB)
#8 1.955 Downloading Flask_Cors-4.0.0-py2.py3-none-any.whl (14 kB)
#8 1.963 Downloading prometheus_client-0.20.0-py3-none-any.whl (54 kB)
#8 1.971 Downloading gunicorn-21.2.0-py3-none-any.whl (80 kB)
#8 1.982 Downloading blinker-1.9.0-py3-none-any.whl (8.5 kB)
#8 1.992 Downloading click-8.2.1-py3-none-any.whl (102 kB)
#8 2.003 Downloading itsdangerous-2.2.0-py3-none-any.whl (16 kB)
#8 2.014 Downloading jinja2-3.1.6-py3-none-any.whl (134 kB)
#8 2.025 Downloading MarkupSafe-3.0.2-cp313-cp313-manylinux_2_17_x86_64.manylinux2014_x86_64.whl (23 kB)
#8 2.036 Downloading werkzeug-3.1.3-py3-none-any.whl (224 kB)
#8 2.047 Downloading packaging-25.0-py3-none-any.whl (66 kB)
#8 2.093 Installing collected packages: prometheus_client, packaging, MarkupSafe, itsdangerous, click, blinker, Werkzeug, Jinja2, gunicorn, Flask, flask-cors
#8 2.511 
#8 2.513 Successfully installed Flask-2.3.3 Jinja2-3.1.6 MarkupSafe-3.0.2 Werkzeug-3.1.3 blinker-1.9.0 click-8.2.1 flask-cors-4.0.0 gunicorn-21.2.0 itsdangerous-2.2.0 packaging-25.0 prometheus_client-0.20.0
#8 2.514 WARNING: Running pip as the 'root' user can result in broken permissions and conflicting behaviour with the system package manager, possibly rendering your system unusable. It is recommended to use a virtual environment instead: https://pip.pypa.io/warnings/venv. Use the --root-user-action option if you know what you are doing and want to suppress this warning.
#8 2.622 
#8 2.622 [notice] A new release of pip is available: 25.1.1 -> 25.2
#8 2.622 [notice] To update, run: pip install --upgrade pip
#8 DONE 2.7s

#9 [5/7] RUN pip install gunicorn
#9 0.595 Requirement already satisfied: gunicorn in /usr/local/lib/python3.13/site-packages (21.2.0)
#9 0.596 Requirement already satisfied: packaging in /usr/local/lib/python3.13/site-packages (from gunicorn) (25.0)
#9 0.605 WARNING: Running pip as the 'root' user can result in broken permissions and conflicting behaviour with the system package manager, possibly rendering your system unusable. It is recommended to use a virtual environment instead: https://pip.pypa.io/warnings/venv. Use the --root-user-action option if you know what you are doing and want to suppress this warning.
#9 0.710 
#9 0.710 [notice] A new release of pip is available: 25.1.1 -> 25.2
#9 0.710 [notice] To update, run: pip install --upgrade pip
#9 DONE 0.8s

#10 [6/7] COPY app.py .
#10 DONE 0.0s

#11 [7/7] COPY data ./data
#11 DONE 0.0s

#12 exporting to image
#12 exporting layers 0.1s done
#12 writing image sha256:49d8e6a7980e4cb45709d41141daf1479f0ae0da559ae9952d82cb94961a8c6d done
#12 naming to docker.io/library/backend:854acda done
#12 naming to docker.io/library/backend:latest done
#12 DONE 0.1s
-----Stopping any existing containers...-----
-----Starting new frontend container on port 7000-----
306dd6fea7456167e1ae9506b13eafa1c7b295f76ccad0b794fb75250ae41080
-----Starting new backend container on port 7001-----
4b9898f322ea1aa8394ae19bc9b868687254caf8aa05d5cfb9b2a1c52a7339bb
-----Cleaning up old images-----
No old images to clean up for portfolio
No old images to clean up for backend
-----Current images:-----
REPOSITORY   TAG       IMAGE ID       CREATED       SIZE
portfolio    bf204fa   9a60b7b1c206   3 weeks ago   52.8MB
portfolio    854acda   a993e34abb8b   3 weeks ago   52.8MB
portfolio    a702880   a993e34abb8b   3 weeks ago   52.8MB
portfolio    d1a6c8d   a993e34abb8b   3 weeks ago   52.8MB
portfolio    latest    a993e34abb8b   3 weeks ago   52.8MB
REPOSITORY   TAG       IMAGE ID       CREATED                  SIZE
backend      854acda   49d8e6a7980e   Less than a second ago   135MB
backend      latest    49d8e6a7980e   Less than a second ago   135MB
backend      90a5119   226519b0cfd1   3 weeks ago              135MB
backend      a702880   4aada10d403d   3 weeks ago              135MB
backend      d1a6c8d   d1c7ae4b428f   3 weeks ago              135MB
Deployment complete!
Frontend (portfolio:854acda) running on port 7000
Backend (backend:854acda) running on port 7001
fatal: unable to access 'https://github.com/yashaswi29/Portfolio.git/': Could not resolve host: github.com
fatal: unable to access 'https://github.com/yashaswi29/Portfolio.git/': Could not resolve host: github.com
fatal: unable to access 'https://github.com/yashaswi29/Portfolio.git/': Could not resolve host: github.com
fatal: unable to access 'https://github.com/yashaswi29/Portfolio.git/': Could not resolve host: github.com
fatal: unable to access 'https://github.com/yashaswi29/Portfolio.git/': Could not resolve host: github.com
fatal: unable to access 'https://github.com/yashaswi29/Portfolio.git/': Could not resolve host: github.com
fatal: unable to access 'https://github.com/yashaswi29/Portfolio.git/': Could not resolve host: github.com
fatal: unable to access 'https://github.com/yashaswi29/Portfolio.git/': Could not resolve host: github.com
fatal: unable to access 'https://github.com/yashaswi29/Portfolio.git/': Could not resolve host: github.com
fatal: unable to access 'https://github.com/yashaswi29/Portfolio.git/': Could not resolve host: github.com
fatal: unable to access 'https://github.com/yashaswi29/Portfolio.git/': Could not resolve host: github.com
hint: Pulling without specifying how to reconcile divergent branches is
hint: discouraged. You can squelch this message by running one of the following
hint: commands sometime before your next pull:
hint: 
hint:   git config pull.rebase false  # merge (the default strategy)
hint:   git config pull.rebase true   # rebase
hint:   git config pull.ff only       # fast-forward only
hint: 
hint: You can replace "git config" with "git config --global" to set a default
hint: preference for all repositories. You can also pass --rebase, --no-rebase,
hint: or --ff-only on the command line to override the configured default per
hint: invocation.
From https://github.com/yashaswi29/Portfolio
 * branch            main       -> FETCH_HEAD
Already up to date.
HEAD is now at 854acda fix: ports
-----Building frontend image (854acda)...-----
#0 building with "default" instance using docker driver

#1 [internal] load build definition from Dockerfile
#1 transferring dockerfile: 313B done
#1 WARN: FromAsCasing: 'as' and 'FROM' keywords' casing do not match (line 1)
#1 DONE 0.0s

#2 [internal] load metadata for docker.io/library/nginx:alpine
#2 ...

#3 [internal] load metadata for docker.io/library/node:20-alpine
#3 DONE 22.4s

#2 [internal] load metadata for docker.io/library/nginx:alpine
#2 DONE 34.5s

#4 [internal] load .dockerignore
#4 transferring context: 2B done
#4 DONE 0.0s

#5 [builder 1/6] FROM docker.io/library/node:20-alpine@sha256:df02558528d3d3d0d621f112e232611aecfee7cbc654f6b375765f72bb262799
#5 DONE 0.0s

#6 [stage-1 1/3] FROM docker.io/library/nginx:alpine@sha256:2459838ed006e699c252db374550c91490068bbf3b35fa8b9d29bfe0e31b8b95
#6 resolve docker.io/library/nginx:alpine@sha256:2459838ed006e699c252db374550c91490068bbf3b35fa8b9d29bfe0e31b8b95 done
#6 sha256:403e3f251637881bbdc5fb06df8da55c149c00ccb0addbcb7839fa4ad60dfd04 0B / 628B 0.1s
#6 sha256:2459838ed006e699c252db374550c91490068bbf3b35fa8b9d29bfe0e31b8b95 10.33kB / 10.33kB done
#6 sha256:60e48a050b6408d0c5dd59b98b6e36bf0937a0bbe99304e3e9c0e63b7563443a 2.50kB / 2.50kB done
#6 sha256:4a86014ec6994761b7f3118cf47e4b4fd6bac15fc6fa262c4f356386bbc0e9d9 10.78kB / 10.78kB done
#6 sha256:6bc572a340ecbc60aca0c624f76b32de0b073d5efa4fa1e0b6d9da6405976946 0B / 1.81MB 0.1s
#6 sha256:9adfbae99cb79774fdc14ca03a0a0154b8c199a69f69316bcfce64b07f80719f 0B / 955B 0.1s
#6 ...

#7 [internal] load build context
#7 transferring context: 1.22MB 0.3s done
#7 DONE 0.4s

#8 [builder 2/6] WORKDIR /app
#8 CACHED

#9 [builder 3/6] COPY package*.json ./
#9 CACHED

#10 [builder 4/6] RUN npm install
#10 CACHED

#6 [stage-1 1/3] FROM docker.io/library/nginx:alpine@sha256:2459838ed006e699c252db374550c91490068bbf3b35fa8b9d29bfe0e31b8b95
#6 extracting sha256:6bc572a340ecbc60aca0c624f76b32de0b073d5efa4fa1e0b6d9da6405976946
#6 sha256:6bc572a340ecbc60aca0c624f76b32de0b073d5efa4fa1e0b6d9da6405976946 1.81MB / 1.81MB 0.8s done
#6 extracting sha256:6bc572a340ecbc60aca0c624f76b32de0b073d5efa4fa1e0b6d9da6405976946 0.0s done
#6 sha256:7a8a46741e18ed98437271669138116163f14596f411c1948fd7836e39f1afea 0B / 405B 0.9s
#6 sha256:403e3f251637881bbdc5fb06df8da55c149c00ccb0addbcb7839fa4ad60dfd04 628B / 628B 1.1s done
#6 extracting sha256:403e3f251637881bbdc5fb06df8da55c149c00ccb0addbcb7839fa4ad60dfd04 done
#6 sha256:c9ebe2ff2d2cd981811cefb6df49a116da6074c770c07ee86a6ae2ebe7eee926 0B / 1.21kB 1.2s
#6 extracting sha256:9adfbae99cb79774fdc14ca03a0a0154b8c199a69f69316bcfce64b07f80719f
#6 sha256:9adfbae99cb79774fdc14ca03a0a0154b8c199a69f69316bcfce64b07f80719f 955B / 955B 1.4s done
#6 extracting sha256:9adfbae99cb79774fdc14ca03a0a0154b8c199a69f69316bcfce64b07f80719f done
#6 sha256:a992fbc61ecc9d8291c27f9add7b8a07d374c06a435d4734519b634762cf1c51 0B / 1.40kB 1.5s
#6 extracting sha256:7a8a46741e18ed98437271669138116163f14596f411c1948fd7836e39f1afea
#6 sha256:7a8a46741e18ed98437271669138116163f14596f411c1948fd7836e39f1afea 405B / 405B 1.7s done
#6 extracting sha256:7a8a46741e18ed98437271669138116163f14596f411c1948fd7836e39f1afea done
#6 sha256:cb1ff4086f82493a4b8b02ec71bfed092cad25bd5bf302aec78d4979895350cb 0B / 16.84MB 1.8s
#6 extracting sha256:c9ebe2ff2d2cd981811cefb6df49a116da6074c770c07ee86a6ae2ebe7eee926
#6 sha256:c9ebe2ff2d2cd981811cefb6df49a116da6074c770c07ee86a6ae2ebe7eee926 1.21kB / 1.21kB 2.0s done
#6 extracting sha256:c9ebe2ff2d2cd981811cefb6df49a116da6074c770c07ee86a6ae2ebe7eee926 done
#6 ...

#11 [builder 5/6] COPY . .
#11 DONE 1.9s

#6 [stage-1 1/3] FROM docker.io/library/nginx:alpine@sha256:2459838ed006e699c252db374550c91490068bbf3b35fa8b9d29bfe0e31b8b95
#6 sha256:a992fbc61ecc9d8291c27f9add7b8a07d374c06a435d4734519b634762cf1c51 1.40kB / 1.40kB 2.4s done
#6 extracting sha256:a992fbc61ecc9d8291c27f9add7b8a07d374c06a435d4734519b634762cf1c51 done
#6 sha256:cb1ff4086f82493a4b8b02ec71bfed092cad25bd5bf302aec78d4979895350cb 2.10MB / 16.84MB 3.0s
#6 sha256:cb1ff4086f82493a4b8b02ec71bfed092cad25bd5bf302aec78d4979895350cb 5.24MB / 16.84MB 3.2s
#6 sha256:cb1ff4086f82493a4b8b02ec71bfed092cad25bd5bf302aec78d4979895350cb 7.34MB / 16.84MB 3.4s
#6 sha256:cb1ff4086f82493a4b8b02ec71bfed092cad25bd5bf302aec78d4979895350cb 9.44MB / 16.84MB 3.6s
#6 sha256:cb1ff4086f82493a4b8b02ec71bfed092cad25bd5bf302aec78d4979895350cb 10.49MB / 16.84MB 3.7s
#6 sha256:cb1ff4086f82493a4b8b02ec71bfed092cad25bd5bf302aec78d4979895350cb 12.58MB / 16.84MB 3.8s
#6 sha256:cb1ff4086f82493a4b8b02ec71bfed092cad25bd5bf302aec78d4979895350cb 14.68MB / 16.84MB 4.0s
#6 sha256:cb1ff4086f82493a4b8b02ec71bfed092cad25bd5bf302aec78d4979895350cb 15.73MB / 16.84MB 4.1s
#6 sha256:cb1ff4086f82493a4b8b02ec71bfed092cad25bd5bf302aec78d4979895350cb 16.84MB / 16.84MB 4.2s done
#6 extracting sha256:cb1ff4086f82493a4b8b02ec71bfed092cad25bd5bf302aec78d4979895350cb 0.1s
#6 extracting sha256:cb1ff4086f82493a4b8b02ec71bfed092cad25bd5bf302aec78d4979895350cb 0.2s done
#6 DONE 4.5s

#12 [builder 6/6] RUN npm run build
#12 0.564 
#12 0.564 > devops-portfolio@0.1.0 build
#12 0.564 > vite build
#12 0.564 
#12 0.749 vite v5.4.19 building for production...
#12 0.981 transforming...
#12 2.998 ✓ 1533 modules transformed.
#12 3.121 rendering chunks...
#12 3.127 computing gzip size...
#12 3.136 dist/index.html                   0.75 kB │ gzip:  0.41 kB
#12 3.136 dist/assets/index-CmLRPZBF.css   50.96 kB │ gzip:  7.43 kB
#12 3.136 dist/assets/index-_bjzJwaL.js   263.68 kB │ gzip: 81.95 kB
#12 3.136 ✓ built in 2.36s
#12 3.155 npm notice
#12 3.155 npm notice New major version of npm available! 10.8.2 -> 11.5.2
#12 3.155 npm notice Changelog: https://github.com/npm/cli/releases/tag/v11.5.2
#12 3.155 npm notice To update run: npm install -g npm@11.5.2
#12 3.155 npm notice
#12 DONE 3.2s

#13 [stage-1 2/3] COPY --from=builder /app/dist /usr/share/nginx/html
#13 DONE 0.0s

#14 [stage-1 3/3] COPY nginx.conf /etc/nginx/conf.d/default.conf
#14 DONE 0.0s

#15 exporting to image
#15 exporting layers 0.0s done
#15 writing image sha256:7d94777eb2efff515bf6a48ecf24effd3365d559b69990f0fd9689fd09980860 done
#15 naming to docker.io/library/portfolio:854acda done
#15 naming to docker.io/library/portfolio:latest done
#15 DONE 0.0s

 [33m1 warning found (use docker --debug to expand):
[0m - FromAsCasing: 'as' and 'FROM' keywords' casing do not match (line 1)
-----Building backend image (854acda)...-----
#0 building with "default" instance using docker driver

#1 [internal] load build definition from Dockerfile
#1 transferring dockerfile: 271B done
#1 DONE 0.0s

#2 [internal] load metadata for docker.io/library/python:3.13-slim
#2 DONE 27.8s

#3 [internal] load .dockerignore
#3 transferring context: 2B done
#3 DONE 0.0s

#4 [internal] load build context
#4 transferring context: 197B done
#4 DONE 0.0s

#5 [1/7] FROM docker.io/library/python:3.13-slim@sha256:4d55aff3915a8622fdb8e6ab3645992de771bd97c3dd1279860cd5e18bcd7582
#5 resolve docker.io/library/python:3.13-slim@sha256:4d55aff3915a8622fdb8e6ab3645992de771bd97c3dd1279860cd5e18bcd7582 done
#5 sha256:7b1ad37e982c43c58d01111d612787fd261190d1587466b7c0469299af38debe 0B / 1.29MB 0.1s
#5 sha256:31b0d2470ce12eba9b1d8d97762511adddf82bcc6f19cdc2acf5d459d6aab501 0B / 11.73MB 0.1s
#5 sha256:4d55aff3915a8622fdb8e6ab3645992de771bd97c3dd1279860cd5e18bcd7582 10.37kB / 10.37kB done
#5 sha256:9665f5d196e5856b0362a952ee582bcd28e7b790729de83f64b70975ff4481bd 1.75kB / 1.75kB done
#5 sha256:29e93e1cbf397bec486052ed53c12cfd104158418858c13a4e57329623f5e632 5.44kB / 5.44kB done
#5 sha256:396b1da7636e2dcd10565cb4f2f952cbb4a8a38b58d3b86a2cacb172fb70117c 0B / 29.77MB 0.2s
#5 sha256:396b1da7636e2dcd10565cb4f2f952cbb4a8a38b58d3b86a2cacb172fb70117c 3.15MB / 29.77MB 0.8s
#5 sha256:396b1da7636e2dcd10565cb4f2f952cbb4a8a38b58d3b86a2cacb172fb70117c 5.24MB / 29.77MB 1.0s
#5 sha256:396b1da7636e2dcd10565cb4f2f952cbb4a8a38b58d3b86a2cacb172fb70117c 7.34MB / 29.77MB 1.2s
#5 sha256:396b1da7636e2dcd10565cb4f2f952cbb4a8a38b58d3b86a2cacb172fb70117c 10.49MB / 29.77MB 1.4s
#5 sha256:396b1da7636e2dcd10565cb4f2f952cbb4a8a38b58d3b86a2cacb172fb70117c 12.58MB / 29.77MB 1.6s
#5 sha256:396b1da7636e2dcd10565cb4f2f952cbb4a8a38b58d3b86a2cacb172fb70117c 14.68MB / 29.77MB 1.8s
#5 sha256:396b1da7636e2dcd10565cb4f2f952cbb4a8a38b58d3b86a2cacb172fb70117c 16.78MB / 29.77MB 2.0s
#5 sha256:396b1da7636e2dcd10565cb4f2f952cbb4a8a38b58d3b86a2cacb172fb70117c 18.87MB / 29.77MB 2.2s
#5 sha256:396b1da7636e2dcd10565cb4f2f952cbb4a8a38b58d3b86a2cacb172fb70117c 20.97MB / 29.77MB 2.3s
#5 sha256:396b1da7636e2dcd10565cb4f2f952cbb4a8a38b58d3b86a2cacb172fb70117c 23.07MB / 29.77MB 2.5s
#5 sha256:396b1da7636e2dcd10565cb4f2f952cbb4a8a38b58d3b86a2cacb172fb70117c 26.21MB / 29.77MB 2.8s
#5 sha256:396b1da7636e2dcd10565cb4f2f952cbb4a8a38b58d3b86a2cacb172fb70117c 29.36MB / 29.77MB 3.0s
#5 sha256:396b1da7636e2dcd10565cb4f2f952cbb4a8a38b58d3b86a2cacb172fb70117c 29.77MB / 29.77MB 3.0s done
#5 extracting sha256:396b1da7636e2dcd10565cb4f2f952cbb4a8a38b58d3b86a2cacb172fb70117c 0.1s
#5 sha256:8c141999d08327ce1db0a24fd7d25391dc2e4e0e2c14d70d0458fdf18761cfff 0B / 250B 3.1s
#5 sha256:31b0d2470ce12eba9b1d8d97762511adddf82bcc6f19cdc2acf5d459d6aab501 1.05MB / 11.73MB 3.4s
#5 sha256:31b0d2470ce12eba9b1d8d97762511adddf82bcc6f19cdc2acf5d459d6aab501 3.15MB / 11.73MB 3.6s
#5 extracting sha256:396b1da7636e2dcd10565cb4f2f952cbb4a8a38b58d3b86a2cacb172fb70117c 0.5s done
#5 sha256:31b0d2470ce12eba9b1d8d97762511adddf82bcc6f19cdc2acf5d459d6aab501 4.19MB / 11.73MB 3.7s
#5 sha256:31b0d2470ce12eba9b1d8d97762511adddf82bcc6f19cdc2acf5d459d6aab501 7.34MB / 11.73MB 3.9s
#5 sha256:31b0d2470ce12eba9b1d8d97762511adddf82bcc6f19cdc2acf5d459d6aab501 9.44MB / 11.73MB 4.1s
#5 sha256:31b0d2470ce12eba9b1d8d97762511adddf82bcc6f19cdc2acf5d459d6aab501 11.73MB / 11.73MB 4.2s done
#5 extracting sha256:7b1ad37e982c43c58d01111d612787fd261190d1587466b7c0469299af38debe
#5 sha256:7b1ad37e982c43c58d01111d612787fd261190d1587466b7c0469299af38debe 1.29MB / 1.29MB 4.6s done
#5 extracting sha256:7b1ad37e982c43c58d01111d612787fd261190d1587466b7c0469299af38debe 0.0s done
#5 extracting sha256:31b0d2470ce12eba9b1d8d97762511adddf82bcc6f19cdc2acf5d459d6aab501
#5 sha256:8c141999d08327ce1db0a24fd7d25391dc2e4e0e2c14d70d0458fdf18761cfff 250B / 250B 4.9s done
#5 extracting sha256:31b0d2470ce12eba9b1d8d97762511adddf82bcc6f19cdc2acf5d459d6aab501 0.3s done
#5 extracting sha256:8c141999d08327ce1db0a24fd7d25391dc2e4e0e2c14d70d0458fdf18761cfff done
#5 DONE 5.0s

#6 [2/7] WORKDIR /app
#6 DONE 0.1s

#7 [3/7] COPY requirements.txt ./
#7 DONE 0.0s

#8 [4/7] RUN pip install --no-cache-dir -r requirements.txt
#8 1.240 Collecting Flask==2.3.3 (from -r requirements.txt (line 1))
#8 1.278   Downloading flask-2.3.3-py3-none-any.whl.metadata (3.6 kB)
#8 1.322 Collecting flask-cors==4.0.0 (from -r requirements.txt (line 2))
#8 1.333   Downloading Flask_Cors-4.0.0-py2.py3-none-any.whl.metadata (5.4 kB)
#8 1.365 Collecting prometheus_client==0.20.0 (from -r requirements.txt (line 3))
#8 1.374   Downloading prometheus_client-0.20.0-py3-none-any.whl.metadata (1.8 kB)
#8 1.408 Collecting gunicorn==21.2.0 (from -r requirements.txt (line 4))
#8 1.418   Downloading gunicorn-21.2.0-py3-none-any.whl.metadata (4.1 kB)
#8 1.458 Collecting Werkzeug>=2.3.7 (from Flask==2.3.3->-r requirements.txt (line 1))
#8 1.466   Downloading werkzeug-3.1.3-py3-none-any.whl.metadata (3.7 kB)
#8 1.484 Collecting Jinja2>=3.1.2 (from Flask==2.3.3->-r requirements.txt (line 1))
#8 1.493   Downloading jinja2-3.1.6-py3-none-any.whl.metadata (2.9 kB)
#8 1.512 Collecting itsdangerous>=2.1.2 (from Flask==2.3.3->-r requirements.txt (line 1))
#8 1.521   Downloading itsdangerous-2.2.0-py3-none-any.whl.metadata (1.9 kB)
#8 1.563 Collecting click>=8.1.3 (from Flask==2.3.3->-r requirements.txt (line 1))
#8 1.571   Downloading click-8.2.1-py3-none-any.whl.metadata (2.5 kB)
#8 1.593 Collecting blinker>=1.6.2 (from Flask==2.3.3->-r requirements.txt (line 1))
#8 1.603   Downloading blinker-1.9.0-py3-none-any.whl.metadata (1.6 kB)
#8 1.639 Collecting packaging (from gunicorn==21.2.0->-r requirements.txt (line 4))
#8 1.646   Downloading packaging-25.0-py3-none-any.whl.metadata (3.3 kB)
#8 1.702 Collecting MarkupSafe>=2.0 (from Jinja2>=3.1.2->Flask==2.3.3->-r requirements.txt (line 1))
#8 1.709   Downloading MarkupSafe-3.0.2-cp313-cp313-manylinux_2_17_x86_64.manylinux2014_x86_64.whl.metadata (4.0 kB)
#8 1.723 Downloading flask-2.3.3-py3-none-any.whl (96 kB)
#8 1.745 Downloading Flask_Cors-4.0.0-py2.py3-none-any.whl (14 kB)
#8 1.757 Downloading prometheus_client-0.20.0-py3-none-any.whl (54 kB)
#8 1.769 Downloading gunicorn-21.2.0-py3-none-any.whl (80 kB)
#8 1.779 Downloading blinker-1.9.0-py3-none-any.whl (8.5 kB)
#8 1.787 Downloading click-8.2.1-py3-none-any.whl (102 kB)
#8 1.796 Downloading itsdangerous-2.2.0-py3-none-any.whl (16 kB)
#8 1.803 Downloading jinja2-3.1.6-py3-none-any.whl (134 kB)
#8 1.816 Downloading MarkupSafe-3.0.2-cp313-cp313-manylinux_2_17_x86_64.manylinux2014_x86_64.whl (23 kB)
#8 1.826 Downloading werkzeug-3.1.3-py3-none-any.whl (224 kB)
#8 1.838 Downloading packaging-25.0-py3-none-any.whl (66 kB)
#8 1.891 Installing collected packages: prometheus_client, packaging, MarkupSafe, itsdangerous, click, blinker, Werkzeug, Jinja2, gunicorn, Flask, flask-cors
#8 2.315 
#8 2.317 Successfully installed Flask-2.3.3 Jinja2-3.1.6 MarkupSafe-3.0.2 Werkzeug-3.1.3 blinker-1.9.0 click-8.2.1 flask-cors-4.0.0 gunicorn-21.2.0 itsdangerous-2.2.0 packaging-25.0 prometheus_client-0.20.0
#8 2.317 WARNING: Running pip as the 'root' user can result in broken permissions and conflicting behaviour with the system package manager, possibly rendering your system unusable. It is recommended to use a virtual environment instead: https://pip.pypa.io/warnings/venv. Use the --root-user-action option if you know what you are doing and want to suppress this warning.
#8 DONE 2.5s

#9 [5/7] RUN pip install gunicorn
#9 0.458 Requirement already satisfied: gunicorn in /usr/local/lib/python3.13/site-packages (21.2.0)
#9 0.459 Requirement already satisfied: packaging in /usr/local/lib/python3.13/site-packages (from gunicorn) (25.0)
#9 0.468 WARNING: Running pip as the 'root' user can result in broken permissions and conflicting behaviour with the system package manager, possibly rendering your system unusable. It is recommended to use a virtual environment instead: https://pip.pypa.io/warnings/venv. Use the --root-user-action option if you know what you are doing and want to suppress this warning.
#9 DONE 0.6s

#10 [6/7] COPY app.py .
#10 DONE 0.0s

#11 [7/7] COPY data ./data
#11 DONE 0.0s

#12 exporting to image
#12 exporting layers 0.1s done
#12 writing image sha256:a19709f632fc7004105672106c227d9c57e40e7ed98e10255dec7641843cc8e3 done
#12 naming to docker.io/library/backend:854acda done
#12 naming to docker.io/library/backend:latest done
#12 DONE 0.1s
-----Stopping any existing containers...-----
-----Starting new frontend container on port 7000-----
e680c89c2bb71d39333c69266623b86cb2a953ba5d4c7b9e00a3d4e6e65be6ed
-----Starting new backend container on port 7001-----
90b1740169e6dbd8e13e35e21ea1f718459a3bd9220e124a41cc81cd564c725d
-----Cleaning up old images-----
No old images to clean up for portfolio
No old images to clean up for backend
-----Current images:-----
REPOSITORY   TAG       IMAGE ID       CREATED          SIZE
portfolio    854acda   7d94777eb2ef   37 seconds ago   52.9MB
portfolio    latest    7d94777eb2ef   37 seconds ago   52.9MB
portfolio    bf204fa   9a60b7b1c206   4 weeks ago      52.8MB
portfolio    a702880   a993e34abb8b   4 weeks ago      52.8MB
portfolio    d1a6c8d   a993e34abb8b   4 weeks ago      52.8MB
REPOSITORY   TAG       IMAGE ID       CREATED        SIZE
backend      854acda   a19709f632fc   1 second ago   132MB
backend      latest    a19709f632fc   1 second ago   132MB
backend      d1a6c8d   d1c7ae4b428f   4 weeks ago    135MB
backend      a702880   4aada10d403d   4 weeks ago    135MB
backend      90a5119   226519b0cfd1   4 weeks ago    135MB
Deployment complete!
Frontend (portfolio:854acda) running on port 7000
Backend (backend:854acda) running on port 7001
fatal: unable to access 'https://github.com/yashaswi29/Portfolio.git/': Could not resolve host: github.com
hint: Pulling without specifying how to reconcile divergent branches is
hint: discouraged. You can squelch this message by running one of the following
hint: commands sometime before your next pull:
hint: 
hint:   git config pull.rebase false  # merge (the default strategy)
hint:   git config pull.rebase true   # rebase
hint:   git config pull.ff only       # fast-forward only
hint: 
hint: You can replace "git config" with "git config --global" to set a default
hint: preference for all repositories. You can also pass --rebase, --no-rebase,
hint: or --ff-only on the command line to override the configured default per
hint: invocation.
From https://github.com/yashaswi29/Portfolio
 * branch            main       -> FETCH_HEAD
Already up to date.
HEAD is now at 854acda fix: ports
-----Building frontend image (854acda)...-----
#0 building with "default" instance using docker driver

#1 [internal] load build definition from Dockerfile
#1 DONE 0.0s

#1 [internal] load build definition from Dockerfile
#1 transferring dockerfile: 313B done
#1 WARN: FromAsCasing: 'as' and 'FROM' keywords' casing do not match (line 1)
#1 DONE 0.0s

#2 [internal] load metadata for docker.io/library/node:20-alpine
#2 ...

#3 [internal] load metadata for docker.io/library/nginx:alpine
#3 ...

#2 [internal] load metadata for docker.io/library/node:20-alpine
#2 DONE 22.6s

#3 [internal] load metadata for docker.io/library/nginx:alpine
#3 DONE 22.6s

#4 [internal] load .dockerignore
#4 transferring context: 2B done
#4 DONE 0.0s

#5 [builder 1/6] FROM docker.io/library/node:20-alpine@sha256:df02558528d3d3d0d621f112e232611aecfee7cbc654f6b375765f72bb262799
#5 DONE 0.0s

#6 [stage-1 1/3] FROM docker.io/library/nginx:alpine@sha256:42a516af16b852e33b7682d5ef8acbd5d13fe08fecadc7ed98605ba5e3b26ab8
#6 resolve docker.io/library/nginx:alpine@sha256:42a516af16b852e33b7682d5ef8acbd5d13fe08fecadc7ed98605ba5e3b26ab8 done
#6 DONE 0.0s

#7 [internal] load build context
#7 transferring context: 1.24MB 0.2s done
#7 DONE 0.2s

#8 [builder 2/6] WORKDIR /app
#8 CACHED

#9 [builder 3/6] COPY package*.json ./
#9 CACHED

#10 [builder 4/6] RUN npm install
#10 CACHED

#11 [builder 5/6] COPY . .
#11 DONE 1.0s

#12 [builder 6/6] RUN npm run build
#12 0.409 
#12 0.409 > devops-portfolio@0.1.0 build
#12 0.409 > vite build
#12 0.409 
#12 0.602 vite v5.4.19 building for production...
#12 0.827 transforming...
#12 2.751 ✓ 1533 modules transformed.
#12 2.877 rendering chunks...
#12 2.883 computing gzip size...
#12 2.890 dist/index.html                   0.75 kB │ gzip:  0.41 kB
#12 2.890 dist/assets/index-CmLRPZBF.css   50.96 kB │ gzip:  7.43 kB
#12 2.890 dist/assets/index-_bjzJwaL.js   263.68 kB │ gzip: 81.95 kB
#12 2.890 ✓ built in 2.27s
#12 2.909 npm notice
#12 2.909 npm notice New major version of npm available! 10.8.2 -> 11.5.2
#12 2.909 npm notice Changelog: https://github.com/npm/cli/releases/tag/v11.5.2
#12 2.909 npm notice To update run: npm install -g npm@11.5.2
#12 2.909 npm notice
#12 DONE 2.9s

#13 [stage-1 2/3] COPY --from=builder /app/dist /usr/share/nginx/html
#13 CACHED

#14 [stage-1 3/3] COPY nginx.conf /etc/nginx/conf.d/default.conf
#14 CACHED

#15 exporting to image
#15 exporting layers done
#15 writing image sha256:7d94777eb2efff515bf6a48ecf24effd3365d559b69990f0fd9689fd09980860 done
#15 naming to docker.io/library/portfolio:854acda done
#15 naming to docker.io/library/portfolio:latest done
#15 DONE 0.0s

 [33m1 warning found (use docker --debug to expand):
[0m - FromAsCasing: 'as' and 'FROM' keywords' casing do not match (line 1)
-----Building backend image (854acda)...-----
#0 building with "default" instance using docker driver

#1 [internal] load build definition from Dockerfile
#1 DONE 0.0s

#1 [internal] load build definition from Dockerfile
#1 transferring dockerfile: 271B done
#1 DONE 0.0s

#2 [internal] load metadata for docker.io/library/python:3.13-slim
#2 ERROR: failed to do request: Head "https://registry-1.docker.io/v2/library/python/manifests/3.13-slim": dial tcp: lookup registry-1.docker.io: i/o timeout
------
 > [internal] load metadata for docker.io/library/python:3.13-slim:
------
Dockerfile:1
--------------------
   1 | >>> FROM python:3.13-slim
   2 |     WORKDIR /app
   3 |     COPY requirements.txt ./
--------------------
ERROR: failed to build: failed to solve: DeadlineExceeded: python:3.13-slim: failed to resolve source metadata for docker.io/library/python:3.13-slim: failed to do request: Head "https://registry-1.docker.io/v2/library/python/manifests/3.13-slim": dial tcp: lookup registry-1.docker.io: i/o timeout
fatal: unable to access 'https://github.com/yashaswi29/Portfolio.git/': gnutls_handshake() failed: Internal error
hint: Pulling without specifying how to reconcile divergent branches is
hint: discouraged. You can squelch this message by running one of the following
hint: commands sometime before your next pull:
hint: 
hint:   git config pull.rebase false  # merge (the default strategy)
hint:   git config pull.rebase true   # rebase
hint:   git config pull.ff only       # fast-forward only
hint: 
hint: You can replace "git config" with "git config --global" to set a default
hint: preference for all repositories. You can also pass --rebase, --no-rebase,
hint: or --ff-only on the command line to override the configured default per
hint: invocation.
From https://github.com/yashaswi29/Portfolio
 * branch            main       -> FETCH_HEAD
Already up to date.
HEAD is now at 854acda fix: ports
-----Building frontend image (854acda)...-----
#0 building with "default" instance using docker driver

#1 [internal] load build definition from Dockerfile
#1 DONE 0.0s

#1 [internal] load build definition from Dockerfile
#1 transferring dockerfile: 313B done
#1 WARN: FromAsCasing: 'as' and 'FROM' keywords' casing do not match (line 1)
#1 DONE 0.0s

#2 [internal] load metadata for docker.io/library/nginx:alpine
#2 ...

#3 [internal] load metadata for docker.io/library/node:20-alpine
#3 ERROR: failed to do request: Head "https://registry-1.docker.io/v2/library/node/manifests/20-alpine": dial tcp: lookup registry-1.docker.io: i/o timeout

#2 [internal] load metadata for docker.io/library/nginx:alpine
#2 ERROR: failed to do request: Head "https://registry-1.docker.io/v2/library/nginx/manifests/alpine": dial tcp: lookup registry-1.docker.io: i/o timeout
------
 > [internal] load metadata for docker.io/library/node:20-alpine:
------
------
 > [internal] load metadata for docker.io/library/nginx:alpine:
------

 [33m1 warning found (use docker --debug to expand):
[0m - FromAsCasing: 'as' and 'FROM' keywords' casing do not match (line 1)
Dockerfile:1
--------------------
   1 | >>> FROM node:20-alpine as builder
   2 |     WORKDIR /app
   3 |     COPY package*.json ./
--------------------
ERROR: failed to build: failed to solve: DeadlineExceeded: node:20-alpine: failed to resolve source metadata for docker.io/library/node:20-alpine: failed to do request: Head "https://registry-1.docker.io/v2/library/node/manifests/20-alpine": dial tcp: lookup registry-1.docker.io: i/o timeout
hint: Pulling without specifying how to reconcile divergent branches is
hint: discouraged. You can squelch this message by running one of the following
hint: commands sometime before your next pull:
hint: 
hint:   git config pull.rebase false  # merge (the default strategy)
hint:   git config pull.rebase true   # rebase
hint:   git config pull.ff only       # fast-forward only
hint: 
hint: You can replace "git config" with "git config --global" to set a default
hint: preference for all repositories. You can also pass --rebase, --no-rebase,
hint: or --ff-only on the command line to override the configured default per
hint: invocation.
From https://github.com/yashaswi29/Portfolio
 * branch            main       -> FETCH_HEAD
Already up to date.
HEAD is now at 854acda fix: ports
-----Building frontend image (854acda)...-----
#0 building with "default" instance using docker driver

#1 [internal] load build definition from Dockerfile
#1 DONE 0.0s

#1 [internal] load build definition from Dockerfile
#1 transferring dockerfile: 313B done
#1 WARN: FromAsCasing: 'as' and 'FROM' keywords' casing do not match (line 1)
#1 DONE 0.0s

#2 [internal] load metadata for docker.io/library/nginx:alpine
#2 ...

#3 [internal] load metadata for docker.io/library/node:20-alpine
#3 DONE 22.2s

#2 [internal] load metadata for docker.io/library/nginx:alpine
#2 DONE 22.9s

#4 [internal] load .dockerignore
#4 transferring context: 2B done
#4 DONE 0.0s

#5 [builder 1/6] FROM docker.io/library/node:20-alpine@sha256:df02558528d3d3d0d621f112e232611aecfee7cbc654f6b375765f72bb262799
#5 DONE 0.0s

#6 [stage-1 1/3] FROM docker.io/library/nginx:alpine@sha256:42a516af16b852e33b7682d5ef8acbd5d13fe08fecadc7ed98605ba5e3b26ab8
#6 resolve docker.io/library/nginx:alpine@sha256:42a516af16b852e33b7682d5ef8acbd5d13fe08fecadc7ed98605ba5e3b26ab8 done
#6 DONE 0.0s

#7 [internal] load build context
#7 transferring context: 1.25MB 0.2s done
#7 DONE 0.2s

#8 [builder 2/6] WORKDIR /app
#8 CACHED

#9 [builder 3/6] COPY package*.json ./
#9 CACHED

#10 [builder 4/6] RUN npm install
#10 CACHED

#11 [builder 5/6] COPY . .
#11 DONE 0.9s

#12 [builder 6/6] RUN npm run build
#12 0.396 
#12 0.396 > devops-portfolio@0.1.0 build
#12 0.396 > vite build
#12 0.396 
#12 0.579 vite v5.4.19 building for production...
#12 0.804 transforming...
#12 2.741 ✓ 1533 modules transformed.
#12 2.866 rendering chunks...
#12 2.872 computing gzip size...
#12 2.880 dist/index.html                   0.75 kB │ gzip:  0.41 kB
#12 2.880 dist/assets/index-CmLRPZBF.css   50.96 kB │ gzip:  7.43 kB
#12 2.880 dist/assets/index-_bjzJwaL.js   263.68 kB │ gzip: 81.95 kB
#12 2.880 ✓ built in 2.28s
#12 2.898 npm notice
#12 2.898 npm notice New major version of npm available! 10.8.2 -> 11.5.2
#12 2.898 npm notice Changelog: https://github.com/npm/cli/releases/tag/v11.5.2
#12 2.898 npm notice To update run: npm install -g npm@11.5.2
#12 2.898 npm notice
#12 DONE 2.9s

#13 [stage-1 2/3] COPY --from=builder /app/dist /usr/share/nginx/html
#13 CACHED

#14 [stage-1 3/3] COPY nginx.conf /etc/nginx/conf.d/default.conf
#14 CACHED

#15 exporting to image
#15 exporting layers done
#15 writing image sha256:7d94777eb2efff515bf6a48ecf24effd3365d559b69990f0fd9689fd09980860 done
#15 naming to docker.io/library/portfolio:854acda done
#15 naming to docker.io/library/portfolio:latest done
#15 DONE 0.0s

 [33m1 warning found (use docker --debug to expand):
[0m - FromAsCasing: 'as' and 'FROM' keywords' casing do not match (line 1)
-----Building backend image (854acda)...-----
#0 building with "default" instance using docker driver

#1 [internal] load build definition from Dockerfile
#1 transferring dockerfile: 271B done
#1 DONE 0.0s

#2 [internal] load metadata for docker.io/library/python:3.13-slim
#2 ERROR: failed to do request: Head "https://registry-1.docker.io/v2/library/python/manifests/3.13-slim": dial tcp: lookup registry-1.docker.io: i/o timeout
------
 > [internal] load metadata for docker.io/library/python:3.13-slim:
------
Dockerfile:1
--------------------
   1 | >>> FROM python:3.13-slim
   2 |     WORKDIR /app
   3 |     COPY requirements.txt ./
--------------------
ERROR: failed to build: failed to solve: DeadlineExceeded: python:3.13-slim: failed to resolve source metadata for docker.io/library/python:3.13-slim: failed to do request: Head "https://registry-1.docker.io/v2/library/python/manifests/3.13-slim": dial tcp: lookup registry-1.docker.io: i/o timeout
hint: Pulling without specifying how to reconcile divergent branches is
hint: discouraged. You can squelch this message by running one of the following
hint: commands sometime before your next pull:
hint: 
hint:   git config pull.rebase false  # merge (the default strategy)
hint:   git config pull.rebase true   # rebase
hint:   git config pull.ff only       # fast-forward only
hint: 
hint: You can replace "git config" with "git config --global" to set a default
hint: preference for all repositories. You can also pass --rebase, --no-rebase,
hint: or --ff-only on the command line to override the configured default per
hint: invocation.
From https://github.com/yashaswi29/Portfolio
 * branch            main       -> FETCH_HEAD
Already up to date.
HEAD is now at 854acda fix: ports
-----Building frontend image (854acda)...-----
#0 building with "default" instance using docker driver

#1 [internal] load build definition from Dockerfile
#1 transferring dockerfile: 313B done
#1 WARN: FromAsCasing: 'as' and 'FROM' keywords' casing do not match (line 1)
#1 DONE 0.0s

#2 [internal] load metadata for docker.io/library/node:20-alpine
#2 ...

#3 [internal] load metadata for docker.io/library/nginx:alpine
#3 ...

#2 [internal] load metadata for docker.io/library/node:20-alpine
#2 DONE 10.8s

#3 [internal] load metadata for docker.io/library/nginx:alpine
#3 DONE 10.9s

#4 [internal] load .dockerignore
#4 transferring context: 2B done
#4 DONE 0.0s

#5 [builder 1/6] FROM docker.io/library/node:20-alpine@sha256:df02558528d3d3d0d621f112e232611aecfee7cbc654f6b375765f72bb262799
#5 DONE 0.0s

#6 [stage-1 1/3] FROM docker.io/library/nginx:alpine@sha256:42a516af16b852e33b7682d5ef8acbd5d13fe08fecadc7ed98605ba5e3b26ab8
#6 resolve docker.io/library/nginx:alpine@sha256:42a516af16b852e33b7682d5ef8acbd5d13fe08fecadc7ed98605ba5e3b26ab8 done
#6 DONE 0.0s

#7 [internal] load build context
#7 transferring context: 1.25MB 0.2s done
#7 DONE 0.2s

#8 [builder 3/6] COPY package*.json ./
#8 CACHED

#9 [builder 2/6] WORKDIR /app
#9 CACHED

#10 [builder 4/6] RUN npm install
#10 CACHED

#11 [builder 5/6] COPY . .
#11 DONE 1.0s

#12 [builder 6/6] RUN npm run build
#12 0.401 
#12 0.401 > devops-portfolio@0.1.0 build
#12 0.401 > vite build
#12 0.401 
#12 0.608 vite v5.4.19 building for production...
#12 0.654 transforming...
#12 2.797 ✓ 1533 modules transformed.
#12 2.923 rendering chunks...
#12 2.929 computing gzip size...
#12 2.937 dist/index.html                   0.75 kB │ gzip:  0.41 kB
#12 2.937 dist/assets/index-CmLRPZBF.css   50.96 kB │ gzip:  7.43 kB
#12 2.937 dist/assets/index-_bjzJwaL.js   263.68 kB │ gzip: 81.95 kB
#12 2.937 ✓ built in 2.31s
#12 2.956 npm notice
#12 2.956 npm notice New major version of npm available! 10.8.2 -> 11.5.2
#12 2.956 npm notice Changelog: https://github.com/npm/cli/releases/tag/v11.5.2
#12 2.956 npm notice To update run: npm install -g npm@11.5.2
#12 2.956 npm notice
#12 DONE 3.0s

#13 [stage-1 2/3] COPY --from=builder /app/dist /usr/share/nginx/html
#13 CACHED

#14 [stage-1 3/3] COPY nginx.conf /etc/nginx/conf.d/default.conf
#14 CACHED

#15 exporting to image
#15 exporting layers done
#15 writing image sha256:7d94777eb2efff515bf6a48ecf24effd3365d559b69990f0fd9689fd09980860 done
#15 naming to docker.io/library/portfolio:854acda done
#15 naming to docker.io/library/portfolio:latest done
#15 DONE 0.0s

 [33m1 warning found (use docker --debug to expand):
[0m - FromAsCasing: 'as' and 'FROM' keywords' casing do not match (line 1)
-----Building backend image (854acda)...-----
#0 building with "default" instance using docker driver

#1 [internal] load build definition from Dockerfile
#1 transferring dockerfile: 271B done
#1 DONE 0.0s

#2 [internal] load metadata for docker.io/library/python:3.13-slim
#2 ERROR: failed to do request: Head "https://registry-1.docker.io/v2/library/python/manifests/3.13-slim": dial tcp: lookup registry-1.docker.io: i/o timeout
------
 > [internal] load metadata for docker.io/library/python:3.13-slim:
------
Dockerfile:1
--------------------
   1 | >>> FROM python:3.13-slim
   2 |     WORKDIR /app
   3 |     COPY requirements.txt ./
--------------------
ERROR: failed to build: failed to solve: DeadlineExceeded: python:3.13-slim: failed to resolve source metadata for docker.io/library/python:3.13-slim: failed to do request: Head "https://registry-1.docker.io/v2/library/python/manifests/3.13-slim": dial tcp: lookup registry-1.docker.io: i/o timeout
fatal: unable to access 'https://github.com/yashaswi29/Portfolio.git/': Could not resolve host: github.com
fatal: unable to access 'https://github.com/yashaswi29/Portfolio.git/': Could not resolve host: github.com
fatal: unable to access 'https://github.com/yashaswi29/Portfolio.git/': Could not resolve host: github.com
fatal: unable to access 'https://github.com/yashaswi29/Portfolio.git/': Could not resolve host: github.com
fatal: unable to access 'https://github.com/yashaswi29/Portfolio.git/': Could not resolve host: github.com
fatal: unable to access 'https://github.com/yashaswi29/Portfolio.git/': Could not resolve host: github.com
fatal: unable to access 'https://github.com/yashaswi29/Portfolio.git/': Could not resolve host: github.com
fatal: unable to access 'https://github.com/yashaswi29/Portfolio.git/': Could not resolve host: github.com
fatal: unable to access 'https://github.com/yashaswi29/Portfolio.git/': Could not resolve host: github.com
                                                                                                           fatal: unable to access 'https://github.com/yashaswi29/Portfolio.git/': Could not resolve host: github.com
fatal: unable to access 'https://github.com/yashaswi29/Portfolio.git/': Could not resolve host: github.com
/bin/sh: 1: /home/genghis/Dev/Portfolio/fetch_deploy.sh: Permission denied
/bin/sh: 1: /home/genghis/Dev/Portfolio/fetch_deploy.sh: Permission denied
/bin/sh: 1: /home/genghis/Dev/Portfolio/fetch_deploy.sh: Permission denied
/bin/sh: 1: /home/genghis/Dev/Portfolio/fetch_deploy.sh: Permission denied
/bin/sh: 1: /home/genghis/Dev/Portfolio/fetch_deploy.sh: Permission denied
/bin/sh: 1: /home/genghis/Dev/Portfolio/fetch_deploy.sh: Permission denied
/bin/sh: 1: /home/genghis/Dev/Portfolio/fetch_deploy.sh: Permission denied
/bin/sh: 1: /home/genghis/Dev/Portfolio/fetch_deploy.sh: Permission denied
/bin/sh: 1: /home/genghis/Dev/Portfolio/fetch_deploy.sh: Permission denied
/bin/sh: 1: /home/genghis/Dev/Portfolio/fetch_deploy.sh: Permission denied
/bin/sh: 1: /home/genghis/Dev/Portfolio/fetch_deploy.sh: Permission denied
/bin/sh: 1: /home/genghis/Dev/Portfolio/fetch_deploy.sh: Permission denied
/bin/sh: 1: /home/genghis/Dev/Portfolio/fetch_deploy.sh: Permission denied
/bin/sh: 1: /home/genghis/Dev/Portfolio/fetch_deploy.sh: Permission denied
/bin/sh: 1: /home/genghis/Dev/Portfolio/fetch_deploy.sh: Permission denied
/bin/sh: 1: /home/genghis/Dev/Portfolio/fetch_deploy.sh: Permission denied
/bin/sh: 1: /home/genghis/Dev/Portfolio/fetch_deploy.sh: Permission denied
/bin/sh: 1: /home/genghis/Dev/Portfolio/fetch_deploy.sh: Permission denied
/bin/sh: 1: /home/genghis/Dev/Portfolio/fetch_deploy.sh: Permission denied
/bin/sh: 1: /home/genghis/Dev/Portfolio/fetch_deploy.sh: Permission denied
/bin/sh: 1: /home/genghis/Dev/Portfolio/fetch_deploy.sh: Permission denied
/bin/sh: 1: /home/genghis/Dev/Portfolio/fetch_deploy.sh: Permission denied
/bin/sh: 1: /home/genghis/Dev/Portfolio/fetch_deploy.sh: Permission denied
/bin/sh: 1: /home/genghis/Dev/Portfolio/fetch_deploy.sh: Permission denied
/bin/sh: 1: /home/genghis/Dev/Portfolio/fetch_deploy.sh: Permission denied
/bin/sh: 1: /home/genghis/Dev/Portfolio/fetch_deploy.sh: Permission denied
/bin/sh: 1: /home/genghis/Dev/Portfolio/fetch_deploy.sh: Permission denied
/bin/sh: 1: /home/genghis/Dev/Portfolio/fetch_deploy.sh: Permission denied
/bin/sh: 1: /home/genghis/Dev/Portfolio/fetch_deploy.sh: Permission denied
/bin/sh: 1: /home/genghis/Dev/Portfolio/fetch_deploy.sh: Permission denied
/bin/sh: 1: /home/genghis/Dev/Portfolio/fetch_deploy.sh: Permission denied
/bin/sh: 1: /home/genghis/Dev/Portfolio/fetch_deploy.sh: Permission denied
/bin/sh: 1: /home/genghis/Dev/Portfolio/fetch_deploy.sh: Permission denied
/bin/sh: 1: /home/genghis/Dev/Portfolio/fetch_deploy.sh: Permission denied
/bin/sh: 1: /home/genghis/Dev/Portfolio/fetch_deploy.sh: Permission denied
/bin/sh: 1: /home/genghis/Dev/Portfolio/fetch_deploy.sh: Permission denied
/bin/sh: 1: /home/genghis/Dev/Portfolio/fetch_deploy.sh: Permission denied
/bin/sh: 1: /home/genghis/Dev/Portfolio/fetch_deploy.sh: Permission denied
/bin/sh: 1: /home/genghis/Dev/Portfolio/fetch_deploy.sh: Permission denied
/bin/sh: 1: /home/genghis/Dev/Portfolio/fetch_deploy.sh: Permission denied
/bin/sh: 1: /home/genghis/Dev/Portfolio/fetch_deploy.sh: Permission denied
/bin/sh: 1: /home/genghis/Dev/Portfolio/fetch_deploy.sh: Permission denied
/bin/sh: 1: /home/genghis/Dev/Portfolio/fetch_deploy.sh: Permission denied
/bin/sh: 1: /home/genghis/Dev/Portfolio/fetch_deploy.sh: Permission denied
/bin/sh: 1: /home/genghis/Dev/Portfolio/fetch_deploy.sh: Permission denied
/bin/sh: 1: /home/genghis/Dev/Portfolio/fetch_deploy.sh: Permission denied
/bin/sh: 1: /home/genghis/Dev/Portfolio/fetch_deploy.sh: Permission denied
/bin/sh: 1: /home/genghis/Dev/Portfolio/fetch_deploy.sh: Permission denied
/bin/sh: 1: /home/genghis/Dev/Portfolio/fetch_deploy.sh: Permission denied
/bin/sh: 1: /home/genghis/Dev/Portfolio/fetch_deploy.sh: Permission denied
/bin/sh: 1: /home/genghis/Dev/Portfolio/fetch_deploy.sh: Permission denied
/bin/sh: 1: /home/genghis/Dev/Portfolio/fetch_deploy.sh: Permission denied
/bin/sh: 1: /home/genghis/Dev/Portfolio/fetch_deploy.sh: Permission denied
/bin/sh: 1: /home/genghis/Dev/Portfolio/fetch_deploy.sh: Permission denied
/bin/sh: 1: /home/genghis/Dev/Portfolio/fetch_deploy.sh: Permission denied
/bin/sh: 1: /home/genghis/Dev/Portfolio/fetch_deploy.sh: Permission denied
/bin/sh: 1: /home/genghis/Dev/Portfolio/fetch_deploy.sh: Permission denied
/bin/sh: 1: /home/genghis/Dev/Portfolio/fetch_deploy.sh: Permission denied
/bin/sh: 1: /home/genghis/Dev/Portfolio/fetch_deploy.sh: Permission denied
/bin/sh: 1: /home/genghis/Dev/Portfolio/fetch_deploy.sh: Permission denied
/bin/sh: 1: /home/genghis/Dev/Portfolio/fetch_deploy.sh: Permission denied
/bin/sh: 1: /home/genghis/Dev/Portfolio/fetch_deploy.sh: Permission denied
/bin/sh: 1: /home/genghis/Dev/Portfolio/fetch_deploy.sh: Permission denied
/bin/sh: 1: /home/genghis/Dev/Portfolio/fetch_deploy.sh: Permission denied
/bin/sh: 1: /home/genghis/Dev/Portfolio/fetch_deploy.sh: Permission denied
/bin/sh: 1: /home/genghis/Dev/Portfolio/fetch_deploy.sh: Permission denied
/bin/sh: 1: /home/genghis/Dev/Portfolio/fetch_deploy.sh: Permission denied
/bin/sh: 1: /home/genghis/Dev/Portfolio/fetch_deploy.sh: Permission denied
/bin/sh: 1: /home/genghis/Dev/Portfolio/fetch_deploy.sh: Permission denied
/bin/sh: 1: /home/genghis/Dev/Portfolio/fetch_deploy.sh: Permission denied
/bin/sh: 1: /home/genghis/Dev/Portfolio/fetch_deploy.sh: Permission denied
/bin/sh: 1: /home/genghis/Dev/Portfolio/fetch_deploy.sh: Permission denied
/bin/sh: 1: /home/genghis/Dev/Portfolio/fetch_deploy.sh: Permission denied
/bin/sh: 1: /home/genghis/Dev/Portfolio/fetch_deploy.sh: Permission denied
/bin/sh: 1: /home/genghis/Dev/Portfolio/fetch_deploy.sh: Permission denied
/bin/sh: 1: /home/genghis/Dev/Portfolio/fetch_deploy.sh: Permission denied
/bin/sh: 1: /home/genghis/Dev/Portfolio/fetch_deploy.sh: Permission denied
/bin/sh: 1: /home/genghis/Dev/Portfolio/fetch_deploy.sh: Permission denied
/bin/sh: 1: /home/genghis/Dev/Portfolio/fetch_deploy.sh: Permission denied
/bin/sh: 1: /home/genghis/Dev/Portfolio/fetch_deploy.sh: Permission denied
/bin/sh: 1: /home/genghis/Dev/Portfolio/fetch_deploy.sh: Permission denied
/bin/sh: 1: /home/genghis/Dev/Portfolio/fetch_deploy.sh: Permission denied
/bin/sh: 1: /home/genghis/Dev/Portfolio/fetch_deploy.sh: Permission denied
/bin/sh: 1: /home/genghis/Dev/Portfolio/fetch_deploy.sh: Permission denied
/bin/sh: 1: /home/genghis/Dev/Portfolio/fetch_deploy.sh: Permission denied
/bin/sh: 1: /home/genghis/Dev/Portfolio/fetch_deploy.sh: Permission denied
/bin/sh: 1: /home/genghis/Dev/Portfolio/fetch_deploy.sh: Permission denied
/bin/sh: 1: /home/genghis/Dev/Portfolio/fetch_deploy.sh: Permission denied
/bin/sh: 1: /home/genghis/Dev/Portfolio/fetch_deploy.sh: Permission denied
/bin/sh: 1: /home/genghis/Dev/Portfolio/fetch_deploy.sh: Permission denied
/bin/sh: 1: /home/genghis/Dev/Portfolio/fetch_deploy.sh: Permission denied
/bin/sh: 1: /home/genghis/Dev/Portfolio/fetch_deploy.sh: Permission denied
/bin/sh: 1: /home/genghis/Dev/Portfolio/fetch_deploy.sh: Permission denied
/bin/sh: 1: /home/genghis/Dev/Portfolio/fetch_deploy.sh: Permission denied
/bin/sh: 1: /home/genghis/Dev/Portfolio/fetch_deploy.sh: Permission denied
/bin/sh: 1: /home/genghis/Dev/Portfolio/fetch_deploy.sh: Permission denied
/bin/sh: 1: /home/genghis/Dev/Portfolio/fetch_deploy.sh: Permission denied
/bin/sh: 1: /home/genghis/Dev/Portfolio/fetch_deploy.sh: Permission denied
/bin/sh: 1: /home/genghis/Dev/Portfolio/fetch_deploy.sh: Permission denied
/bin/sh: 1: /home/genghis/Dev/Portfolio/fetch_deploy.sh: Permission denied
/bin/sh: 1: /home/genghis/Dev/Portfolio/fetch_deploy.sh: Permission denied
/bin/sh: 1: /home/genghis/Dev/Portfolio/fetch_deploy.sh: Permission denied
/bin/sh: 1: /home/genghis/Dev/Portfolio/fetch_deploy.sh: Permission denied
/bin/sh: 1: /home/genghis/Dev/Portfolio/fetch_deploy.sh: Permission denied
/bin/sh: 1: /home/genghis/Dev/Portfolio/fetch_deploy.sh: Permission denied
/bin/sh: 1: /home/genghis/Dev/Portfolio/fetch_deploy.sh: Permission denied
/bin/sh: 1: /home/genghis/Dev/Portfolio/fetch_deploy.sh: Permission denied
/bin/sh: 1: /home/genghis/Dev/Portfolio/fetch_deploy.sh: Permission denied
/bin/sh: 1: /home/genghis/Dev/Portfolio/fetch_deploy.sh: Permission denied
/bin/sh: 1: /home/genghis/Dev/Portfolio/fetch_deploy.sh: Permission denied
/bin/sh: 1: /home/genghis/Dev/Portfolio/fetch_deploy.sh: Permission denied
/bin/sh: 1: /home/genghis/Dev/Portfolio/fetch_deploy.sh: Permission denied
/bin/sh: 1: /home/genghis/Dev/Portfolio/fetch_deploy.sh: Permission denied
/bin/sh: 1: /home/genghis/Dev/Portfolio/fetch_deploy.sh: Permission denied
/bin/sh: 1: /home/genghis/Dev/Portfolio/fetch_deploy.sh: Permission denied
/bin/sh: 1: /home/genghis/Dev/Portfolio/fetch_deploy.sh: Permission denied
/bin/sh: 1: /home/genghis/Dev/Portfolio/fetch_deploy.sh: Permission denied
/bin/sh: 1: /home/genghis/Dev/Portfolio/fetch_deploy.sh: Permission denied
/bin/sh: 1: /home/genghis/Dev/Portfolio/fetch_deploy.sh: Permission denied
/bin/sh: 1: /home/genghis/Dev/Portfolio/fetch_deploy.sh: Permission denied
/bin/sh: 1: /home/genghis/Dev/Portfolio/fetch_deploy.sh: Permission denied
/bin/sh: 1: /home/genghis/Dev/Portfolio/fetch_deploy.sh: Permission denied
/bin/sh: 1: /home/genghis/Dev/Portfolio/fetch_deploy.sh: Permission denied
/bin/sh: 1: /home/genghis/Dev/Portfolio/fetch_deploy.sh: Permission denied
